Order_ID,Order_Date,Ship_Date,Ship_Mode,Segment,Region,Category,Sub_Category,Quantity,Discount,Sales,Profit
ORD-1000,2023-04-13,2023-04-17,Standard Class,Corporate,West,Technology,Phones,8,0.2,4767.61,267.82
ORD-1001,2023-12-10,2023-12-14,Standard Class,Consumer,West,Furniture,Furnishings,3,0.1,1457.31,502.73
ORD-1002,2024-05-19,2024-05-22,Same Day,Consumer,West,Office Supplies,Binders,5,0.0,611.09,74.74
ORD-1003,2024-03-30,2024-04-03,Standard Class,Consumer,North,Furniture,Tables,4,0.0,2778.01,946.96
ORD-1004,2024-12-30,2025-01-03,Standard Class,Corporate,West,Technology,Accessories,5,0.1,8400.45,1103.86
ORD-1005,2023-02-22,2023-02-24,First Class,Consumer,West,Office Supplies,Binders,8,0.0,1184.79,349.08
ORD-1006,2024-08-15,2024-08-18,Standard Class,Consumer,East,Office Supplies,Paper,7,0.0,667.65,98.52
ORD-1007,2023-04-09,2023-04-13,Same Day,Consumer,East,Technology,Phones,7,0.0,3240.82,852.98
ORD-1008,2024-07-07,2024-07-11,Second Class,Consumer,South,Furniture,Bookcases,4,0.4,2267.7,157.97
ORD-1009,2023-08-31,2023-09-06,First Class,Corporate,West,Office Supplies,Paper,7,0.3,204.18,5.19
ORD-1010,2023-08-13,2023-08-14,Standard Class,Consumer,South,Office Supplies,Art,1,0.0,82.44,12.47
ORD-1011,2024-01-09,2024-01-10,Standard Class,Home Office,North,Furniture,Tables,1,0.0,477.69,163.84
ORD-1012,2023-08-08,2023-08-14,Standard Class,Consumer,South,Office Supplies,Binders,4,0.0,591.68,95.2
ORD-1013,2024-02-05,2024-02-12,Standard Class,Corporate,West,Office Supplies,Paper,6,0.15,722.66,222.22
ORD-1014,2024-02-07,2024-02-09,Same Day,Consumer,North,Furniture,Furnishings,9,0.0,3545.64,1160.87
ORD-1015,2023-10-25,2023-10-28,Standard Class,Corporate,South,Furniture,Furnishings,5,0.3,1197.36,-16.03
ORD-1016,2023-08-21,2023-08-24,First Class,Home Office,East,Technology,Copiers,6,0.15,1907.23,427.61
ORD-1017,2023-04-22,2023-04-28,Standard Class,Consumer,West,Technology,Accessories,1,0.0,442.47,87.68
ORD-1018,2024-05-18,2024-05-25,Standard Class,Consumer,East,Office Supplies,Art,3,0.3,110.23,13.16
ORD-1019,2023-08-14,2023-08-19,Standard Class,Home Office,North,Office Supplies,Art,1,0.5,74.75,-0.67
ORD-1020,2023-02-15,2023-02-20,Standard Class,Home Office,West,Technology,Phones,5,0.0,7713.83,1006.98
ORD-1021,2023-11-19,2023-11-21,Standard Class,Home Office,North,Technology,Accessories,2,0.0,1355.26,412.81
ORD-1022,2024-01-28,2024-01-31,First Class,Home Office,East,Office Supplies,Paper,9,0.15,1181.12,127.89
ORD-1023,2024-05-26,2024-06-01,Second Class,Consumer,East,Technology,Machines,6,0.15,3577.05,211.58
ORD-1024,2024-11-22,2024-11-24,First Class,Consumer,West,Office Supplies,Art,6,0.0,869.77,182.14
ORD-1025,2023-02-16,2023-02-19,Second Class,Home Office,East,Technology,Phones,7,0.0,5660.63,596.06
ORD-1026,2023-05-07,2023-05-08,Standard Class,Consumer,East,Furniture,Tables,5,0.15,2489.45,510.36
ORD-1027,2024-12-04,2024-12-11,Standard Class,Consumer,North,Technology,Machines,5,0.0,1265.64,181.52
ORD-1028,2024-03-28,2024-04-01,Standard Class,Consumer,South,Technology,Phones,5,0.3,5131.21,42.43
ORD-1029,2024-10-20,2024-10-22,Standard Class,Consumer,North,Office Supplies,Binders,4,0.15,33.78,5.62
ORD-1030,2024-01-15,2024-01-16,First Class,Corporate,North,Office Supplies,Binders,2,0.0,69.94,16.47
ORD-1031,2024-12-27,2024-12-28,First Class,Consumer,East,Office Supplies,Paper,8,0.2,166.45,48.44
ORD-1032,2024-11-06,2024-11-08,Standard Class,Home Office,North,Office Supplies,Storage,5,0.0,587.9,149.3
ORD-1033,2023-10-06,2023-10-07,First Class,Corporate,South,Office Supplies,Binders,9,0.3,1104.43,40.28
ORD-1034,2024-12-18,2024-12-25,Standard Class,Consumer,West,Office Supplies,Storage,5,0.2,400.85,115.0
ORD-1035,2023-04-19,2023-04-24,Second Class,Consumer,North,Furniture,Bookcases,9,0.2,4387.1,1033.01
ORD-1036,2023-09-10,2023-09-16,First Class,Consumer,South,Technology,Accessories,8,0.1,3555.24,573.08
ORD-1037,2024-05-14,2024-05-15,Second Class,Consumer,West,Technology,Copiers,3,0.0,3851.69,761.82
ORD-1038,2024-10-14,2024-10-16,First Class,Corporate,North,Furniture,Furnishings,9,0.1,5981.25,811.74
ORD-1039,2023-04-27,2023-05-03,First Class,Consumer,West,Technology,Phones,3,0.15,513.25,37.28
ORD-1040,2023-02-16,2023-02-17,Second Class,Corporate,South,Office Supplies,Binders,8,0.1,89.94,7.38
ORD-1041,2024-01-08,2024-01-10,Standard Class,Consumer,South,Office Supplies,Paper,1,0.0,42.69,7.4
ORD-1042,2024-04-05,2024-04-09,Same Day,Home Office,South,Furniture,Bookcases,8,0.3,4874.72,465.42
ORD-1043,2023-01-05,2023-01-12,Standard Class,Home Office,North,Technology,Accessories,1,0.3,1590.09,112.27
ORD-1044,2023-04-09,2023-04-16,Standard Class,Corporate,South,Furniture,Tables,5,0.4,3035.67,439.85
ORD-1045,2023-05-25,2023-05-30,Standard Class,Consumer,North,Furniture,Bookcases,8,0.0,6381.64,1272.82
ORD-1046,2024-03-13,2024-03-19,Second Class,Corporate,West,Office Supplies,Binders,7,0.2,417.86,98.65
ORD-1047,2024-07-31,2024-08-03,Second Class,Home Office,South,Furniture,Furnishings,2,0.0,1189.56,242.9
ORD-1048,2023-12-01,2023-12-05,Standard Class,Home Office,South,Office Supplies,Binders,8,0.0,610.85,144.31
ORD-1049,2024-03-25,2024-03-30,Standard Class,Consumer,South,Office Supplies,Storage,8,0.0,216.21,55.99
ORD-1050,2023-10-08,2023-10-11,Standard Class,Consumer,West,Office Supplies,Art,6,0.0,176.97,15.25
ORD-1051,2023-08-21,2023-08-25,Standard Class,Consumer,South,Office Supplies,Paper,8,0.3,544.3,112.27
ORD-1052,2024-07-26,2024-07-27,Same Day,Corporate,South,Technology,Phones,7,0.1,3145.15,837.1
ORD-1053,2024-10-27,2024-11-02,Standard Class,Home Office,South,Furniture,Bookcases,3,0.1,1475.3,120.18
ORD-1054,2024-09-22,2024-09-27,Standard Class,Consumer,South,Office Supplies,Binders,4,0.1,520.41,127.32
ORD-1055,2023-05-26,2023-06-02,Standard Class,Corporate,East,Technology,Machines,2,0.0,1370.79,273.44
ORD-1056,2024-01-12,2024-01-13,Standard Class,Consumer,South,Furniture,Tables,7,0.3,1380.48,-75.25
ORD-1057,2024-06-26,2024-07-01,Same Day,Corporate,West,Furniture,Tables,6,0.15,369.31,121.43
ORD-1058,2024-12-15,2024-12-17,Second Class,Home Office,South,Technology,Accessories,1,0.15,933.25,127.47
ORD-1059,2023-05-19,2023-05-26,Standard Class,Consumer,North,Office Supplies,Binders,8,0.3,615.84,3.94
ORD-1060,2024-09-04,2024-09-05,First Class,Corporate,East,Office Supplies,Art,2,0.0,256.71,69.12
ORD-1061,2023-05-17,2023-05-19,Standard Class,Corporate,South,Furniture,Furnishings,3,0.0,2149.42,632.73
ORD-1062,2024-01-14,2024-01-20,Second Class,Corporate,North,Office Supplies,Binders,6,0.1,631.46,114.69
ORD-1063,2024-10-26,2024-10-27,Standard Class,Consumer,West,Office Supplies,Paper,3,0.0,202.71,18.61
ORD-1064,2023-01-15,2023-01-22,Same Day,Corporate,East,Office Supplies,Storage,1,0.0,107.51,23.76
ORD-1065,2024-06-05,2024-06-10,Standard Class,Corporate,West,Office Supplies,Paper,8,0.0,740.59,87.96
ORD-1066,2024-11-15,2024-11-17,Standard Class,Corporate,South,Office Supplies,Art,6,0.0,187.99,33.29
ORD-1067,2023-12-12,2023-12-18,Second Class,Corporate,East,Technology,Copiers,4,0.4,5917.85,751.72
ORD-1068,2023-05-07,2023-05-09,Second Class,Consumer,East,Office Supplies,Binders,5,0.5,591.63,60.15
ORD-1069,2023-07-01,2023-07-08,Second Class,Consumer,West,Technology,Machines,9,0.0,3687.88,553.37
ORD-1070,2024-07-28,2024-08-01,Standard Class,Consumer,North,Technology,Accessories,3,0.0,322.45,72.0
ORD-1071,2023-06-29,2023-07-05,Second Class,Corporate,South,Office Supplies,Binders,4,0.1,392.71,85.29
ORD-1072,2023-12-08,2023-12-12,Standard Class,Corporate,North,Furniture,Bookcases,1,0.0,689.97,132.21
ORD-1073,2024-02-28,2024-03-02,Standard Class,Corporate,South,Technology,Machines,4,0.0,5557.49,1714.68
ORD-1074,2024-10-04,2024-10-06,Same Day,Home Office,South,Office Supplies,Art,9,0.0,1176.43,140.37
ORD-1075,2024-03-18,2024-03-25,First Class,Corporate,South,Furniture,Bookcases,8,0.2,3967.9,1216.99
ORD-1076,2024-05-05,2024-05-09,First Class,Consumer,West,Furniture,Tables,3,0.0,212.76,66.58
ORD-1077,2023-10-12,2023-10-16,Standard Class,Consumer,East,Technology,Phones,5,0.0,2595.56,732.34
ORD-1078,2023-08-14,2023-08-19,Standard Class,Corporate,South,Technology,Accessories,1,0.1,848.13,172.8
ORD-1079,2024-06-04,2024-06-06,Standard Class,Corporate,East,Office Supplies,Paper,5,0.0,677.91,219.84
ORD-1080,2023-02-11,2023-02-15,First Class,Corporate,North,Furniture,Chairs,9,0.0,2100.54,566.42
ORD-1081,2024-09-01,2024-09-05,Standard Class,Home Office,East,Office Supplies,Paper,6,0.2,452.57,33.87
ORD-1082,2023-10-19,2023-10-22,Same Day,Consumer,South,Office Supplies,Art,7,0.15,625.11,206.94
ORD-1083,2023-03-10,2023-03-11,Standard Class,Corporate,South,Office Supplies,Storage,2,0.0,183.08,13.28
ORD-1084,2023-01-17,2023-01-18,Standard Class,Consumer,North,Office Supplies,Paper,6,0.15,30.59,4.84
ORD-1085,2023-02-13,2023-02-16,Standard Class,Corporate,West,Furniture,Tables,5,0.2,624.31,166.83
ORD-1086,2024-12-10,2024-12-11,Same Day,Home Office,West,Office Supplies,Storage,7,0.15,717.36,137.71
ORD-1087,2024-01-26,2024-02-01,Same Day,Home Office,South,Technology,Machines,7,0.1,10582.72,2187.77
ORD-1088,2024-09-06,2024-09-07,Standard Class,Consumer,East,Office Supplies,Art,7,0.0,379.97,80.5
ORD-1089,2023-12-15,2023-12-21,First Class,Consumer,North,Office Supplies,Art,7,0.0,503.87,83.23
ORD-1090,2024-08-30,2024-09-02,Standard Class,Corporate,South,Furniture,Chairs,9,0.2,3917.79,686.91
ORD-1091,2023-12-25,2023-12-29,Standard Class,Consumer,East,Furniture,Bookcases,1,0.4,683.21,-65.91
ORD-1092,2024-02-03,2024-02-04,First Class,Home Office,North,Furniture,Bookcases,8,0.1,1048.42,245.35
ORD-1093,2023-06-02,2023-06-09,Standard Class,Home Office,West,Furniture,Furnishings,9,0.0,6819.66,722.42
ORD-1094,2023-09-16,2023-09-22,Same Day,Home Office,West,Office Supplies,Storage,2,0.1,58.62,20.45
ORD-1095,2023-01-03,2023-01-06,First Class,Consumer,South,Furniture,Bookcases,9,0.0,7042.56,2152.62
ORD-1096,2023-06-19,2023-06-20,Standard Class,Consumer,North,Technology,Machines,2,0.0,2631.97,305.45
ORD-1097,2024-08-15,2024-08-17,Second Class,Home Office,North,Office Supplies,Binders,1,0.3,76.3,12.91
ORD-1098,2023-06-17,2023-06-21,Standard Class,Consumer,West,Technology,Phones,7,0.3,8110.5,1771.29
ORD-1099,2023-01-31,2023-02-07,Standard Class,Corporate,South,Technology,Phones,7,0.0,6566.48,493.99
ORD-1100,2024-10-28,2024-10-29,Standard Class,Corporate,North,Furniture,Tables,9,0.5,5470.29,-259.5
ORD-1101,2024-07-25,2024-08-01,First Class,Consumer,West,Furniture,Furnishings,1,0.15,817.22,125.66
ORD-1102,2024-04-18,2024-04-21,Second Class,Home Office,West,Technology,Machines,1,0.0,93.03,18.29
ORD-1103,2024-04-03,2024-04-05,Standard Class,Home Office,South,Furniture,Tables,4,0.3,1598.56,258.72
ORD-1104,2023-03-25,2023-03-31,Standard Class,Consumer,South,Technology,Accessories,6,0.2,6584.25,1202.87
ORD-1105,2024-05-21,2024-05-22,Standard Class,Consumer,North,Technology,Accessories,8,0.0,12501.02,1388.99
ORD-1106,2024-08-27,2024-09-01,Second Class,Corporate,South,Office Supplies,Paper,3,0.0,29.15,5.5
ORD-1107,2023-07-25,2023-08-01,Standard Class,Corporate,South,Office Supplies,Art,2,0.2,187.0,26.76
ORD-1108,2024-12-17,2024-12-18,Same Day,Consumer,South,Furniture,Furnishings,6,0.4,3518.52,377.49
ORD-1109,2024-11-21,2024-11-22,Standard Class,Consumer,South,Technology,Copiers,2,0.0,2815.32,578.02
ORD-1110,2024-08-11,2024-08-15,,Corporate,North,Office Supplies,Paper,1,0.5,28.92,-3.26
ORD-1111,2024-09-26,2024-10-02,Second Class,Corporate,East,Office Supplies,Storage,7,0.15,725.61,156.66
ORD-1112,2024-01-25,2024-01-27,Second Class,Corporate,East,Office Supplies,Storage,9,0.3,112.62,-0.48
ORD-1113,2024-07-20,2024-07-26,Standard Class,Consumer,North,Furniture,Bookcases,5,0.5,832.17,118.53
ORD-1114,2024-10-04,2024-10-08,Standard Class,Consumer,South,Office Supplies,Binders,8,0.1,234.8,36.11
ORD-1115,2023-12-30,2024-01-05,Second Class,Corporate,West,Furniture,Chairs,2,0.2,159.22,39.25
ORD-1116,2024-01-06,2024-01-08,First Class,Consumer,West,Furniture,Chairs,7,0.15,1725.17,279.23
ORD-1117,2023-01-02,2023-01-09,First Class,Consumer,North,Furniture,Chairs,2,0.0,868.11,213.24
ORD-1118,2023-01-28,2023-01-30,Standard Class,Corporate,West,Furniture,Chairs,3,0.1,2545.23,379.92
ORD-1119,2024-08-27,2024-08-29,Second Class,Consumer,East,Furniture,Chairs,9,0.15,5618.49,882.21
ORD-1120,2023-07-23,2023-07-28,First Class,Corporate,East,Technology,Copiers,2,0.0,1044.12,124.6
ORD-1121,2023-10-09,2023-10-14,Standard Class,Home Office,East,Furniture,Chairs,5,0.1,2357.47,603.02
ORD-1122,2023-05-06,2023-05-08,Standard Class,Consumer,North,Technology,Machines,4,0.2,1106.91,122.38
ORD-1123,2024-01-10,2024-01-12,First Class,Consumer,South,Technology,Phones,2,0.0,3033.4,907.78
ORD-1124,2023-10-30,2023-10-31,Second Class,Home Office,South,Technology,Accessories,9,0.0,10954.8,2709.71
ORD-1125,2024-12-04,2024-12-10,First Class,Home Office,North,Technology,Phones,6,0.0,9524.41,2383.75
ORD-1126,2024-03-29,2024-03-31,Standard Class,Home Office,East,Technology,Machines,1,0.1,605.93,102.31
ORD-1127,2024-08-27,2024-08-28,Standard Class,Consumer,East,Office Supplies,Storage,9,0.1,889.51,274.86
ORD-1128,2024-03-25,2024-03-31,Standard Class,Consumer,West,Technology,Phones,7,0.3,7095.12,1031.89
ORD-1129,2024-03-02,2024-03-07,First Class,Corporate,West,Office Supplies,Art,5,0.1,676.19,73.28
ORD-1130,2023-11-30,2023-12-05,First Class,Consumer,East,Office Supplies,Paper,2,0.1,97.27,33.37
ORD-1131,2023-03-31,2023-04-01,Standard Class,Consumer,North,Furniture,Furnishings,8,0.5,4458.07,-22.01
ORD-1132,2024-01-20,2024-01-24,Second Class,Consumer,South,Office Supplies,Storage,8,0.1,706.65,213.38
ORD-1133,2024-08-06,2024-08-07,First Class,Corporate,South,Technology,Accessories,1,0.1,1349.9,129.45
ORD-1134,2024-07-14,2024-07-17,Standard Class,Consumer,West,Office Supplies,Binders,9,0.1,812.14,185.45
ORD-1135,2023-09-11,2023-09-12,Standard Class,Corporate,West,Furniture,Chairs,8,0.0,3475.71,282.34
ORD-1136,2023-08-06,2023-08-12,Second Class,Consumer,North,Office Supplies,Paper,6,0.1,367.66,26.04
ORD-1137,2024-07-14,2024-07-18,Standard Class,Corporate,South,Technology,Machines,3,0.0,1361.85,89.48
ORD-1138,2023-06-21,2023-06-23,Standard Class,Consumer,North,Technology,Machines,9,0.0,3211.02,555.0
ORD-1139,2024-10-31,2024-11-01,First Class,Corporate,West,Furniture,Furnishings,8,0.0,6710.63,1819.61
ORD-1140,2023-09-05,2023-09-09,Standard Class,Corporate,South,Office Supplies,Art,6,0.0,141.11,9.73
ORD-1141,2024-04-25,2024-05-02,Standard Class,Consumer,South,Office Supplies,Binders,4,0.3,453.79,-9.74
ORD-1142,2024-02-10,2024-02-13,Same Day,Consumer,North,Office Supplies,Art,8,0.1,958.59,255.39
ORD-1143,2023-03-08,2023-03-15,Standard Class,Consumer,North,Furniture,Chairs,9,0.15,2130.15,412.84
ORD-1144,2023-10-16,2023-10-20,Standard Class,Corporate,East,Furniture,Furnishings,5,0.0,2410.78,466.41
ORD-1145,2024-06-20,2024-06-27,Second Class,Consumer,West,Office Supplies,Art,6,0.0,792.21,43.81
ORD-1146,2023-05-10,2023-05-14,Standard Class,Corporate,North,Office Supplies,Binders,8,0.0,1194.04,213.85
ORD-1147,2023-04-09,2023-04-14,Second Class,Consumer,South,Office Supplies,Storage,5,0.15,462.28,65.59
ORD-1148,2024-02-24,2024-02-28,Standard Class,Home Office,West,Technology,Phones,7,0.2,5097.7,1431.39
ORD-1149,2024-05-24,2024-05-31,Second Class,Corporate,North,Office Supplies,Paper,5,0.3,147.9,17.57
ORD-1150,2024-11-23,2024-11-25,Standard Class,Consumer,South,Furniture,Chairs,4,0.3,1607.7,4.89
ORD-1151,2024-08-16,2024-08-19,Same Day,Consumer,North,Office Supplies,Paper,9,0.15,170.28,30.87
ORD-1152,2023-01-29,2023-01-30,First Class,Corporate,West,Furniture,Furnishings,1,0.15,454.75,31.83
ORD-1153,2023-06-22,2023-06-25,Standard Class,Corporate,South,Technology,Machines,8,0.0,1409.18,85.5
ORD-1154,2023-05-28,2023-06-02,First Class,Consumer,North,Office Supplies,Art,5,0.1,154.49,46.22
ORD-1155,2024-06-03,2024-06-05,First Class,Home Office,South,Furniture,Furnishings,3,0.0,754.16,176.85
ORD-1156,2024-08-12,2024-08-13,Standard Class,Home Office,East,Office Supplies,Paper,5,0.4,324.63,15.01
ORD-1157,2023-10-15,2023-10-19,Standard Class,Home Office,South,Furniture,Chairs,9,0.0,3353.58,443.13
ORD-1158,2024-12-25,2024-12-29,Second Class,Home Office,South,Technology,Copiers,2,0.15,959.31,111.59
ORD-1159,2024-09-29,2024-10-05,Standard Class,Consumer,East,Technology,Copiers,2,0.0,1988.45,508.23
ORD-1160,2024-03-11,2024-03-14,Second Class,Home Office,West,Office Supplies,Storage,6,0.15,519.14,133.25
ORD-1161,2023-04-18,2023-04-25,Standard Class,Consumer,West,Office Supplies,Art,8,0.0,882.7,277.12
ORD-1162,2024-05-05,2024-05-06,Second Class,Corporate,North,Technology,Machines,6,0.3,5281.34,-352.22
ORD-1163,2024-09-24,2024-09-26,Standard Class,Consumer,East,Office Supplies,Art,4,0.2,562.0,177.51
ORD-1164,2023-08-15,2023-08-17,Standard Class,Consumer,North,Office Supplies,Art,1,0.15,29.88,5.81
ORD-1165,2024-06-09,2024-06-12,Standard Class,Corporate,South,Office Supplies,Storage,3,0.1,267.45,19.56
ORD-1166,2024-02-10,2024-02-15,Standard Class,Corporate,East,Technology,Phones,7,0.0,4370.36,705.49
ORD-1167,2023-04-23,2023-04-26,Second Class,Home Office,West,Technology,Phones,6,0.5,7266.94,538.96
ORD-1168,2023-05-17,2023-05-19,Standard Class,Home Office,East,Furniture,Chairs,6,0.1,3772.59,526.72
ORD-1169,2024-03-01,2024-03-04,Standard Class,Consumer,North,Technology,Phones,4,0.0,5142.13,1651.52
ORD-1170,2024-10-02,2024-10-03,Standard Class,Corporate,South,Furniture,Tables,8,0.0,5529.24,744.55
ORD-1171,2023-08-08,2023-08-15,,Home Office,South,Technology,Copiers,9,0.1,4532.99,272.36
ORD-1172,2024-08-18,2024-08-20,First Class,Consumer,West,Furniture,Furnishings,4,0.0,530.39,166.88
ORD-1173,2024-03-01,2024-03-03,Same Day,Consumer,North,Office Supplies,Binders,1,0.1,106.84,36.5
ORD-1174,2024-01-19,2024-01-23,Standard Class,Corporate,North,Furniture,Tables,8,0.0,1077.01,331.76
ORD-1175,2023-02-12,2023-02-13,Standard Class,Consumer,East,Office Supplies,Paper,9,0.15,249.58,47.09
ORD-1176,2024-03-10,2024-03-15,First Class,Corporate,East,Office Supplies,Storage,7,0.3,79.84,7.46
ORD-1177,2023-03-09,2023-03-15,First Class,Home Office,East,Furniture,Furnishings,1,0.0,791.29,55.04
ORD-1178,2023-09-11,2023-09-14,Standard Class,Corporate,West,Office Supplies,Art,5,0.5,266.14,-23.65
ORD-1179,2024-08-08,2024-08-12,Second Class,Consumer,East,Office Supplies,Binders,4,0.15,515.92,51.49
ORD-1180,2024-01-22,2024-01-27,Second Class,Corporate,West,Office Supplies,Art,5,0.1,280.02,65.69
ORD-1181,2024-06-27,2024-06-28,Standard Class,Home Office,West,Office Supplies,Art,6,0.5,561.77,26.31
ORD-1182,2024-10-01,2024-10-04,First Class,Corporate,East,Furniture,Furnishings,9,0.3,1037.69,95.71
ORD-1183,2023-07-30,2023-08-03,Standard Class,Corporate,North,Office Supplies,Storage,5,0.0,618.96,47.14
ORD-1184,2024-02-21,2024-02-26,Second Class,Consumer,North,Technology,Machines,5,0.3,3033.29,555.46
ORD-1185,2023-10-16,2023-10-20,Standard Class,Corporate,East,Furniture,Bookcases,8,0.0,1655.2,121.03
ORD-1186,2024-08-01,2024-08-05,Standard Class,Consumer,West,Furniture,Bookcases,1,0.2,296.4,84.93
ORD-1187,2023-07-26,2023-07-28,Standard Class,Corporate,East,Technology,Machines,8,0.0,12503.89,2173.53
ORD-1188,2024-05-21,2024-05-25,Standard Class,Home Office,South,Office Supplies,Paper,3,0.3,129.32,-8.35
ORD-1189,2023-11-23,2023-11-29,Second Class,Corporate,East,Office Supplies,Storage,4,0.0,146.7,17.98
ORD-1190,2023-11-16,2023-11-17,Standard Class,Consumer,North,Office Supplies,Storage,8,0.3,668.5,19.47
ORD-1191,2024-08-20,2024-08-21,First Class,Consumer,West,Office Supplies,Art,2,0.15,170.96,42.34
ORD-1192,2023-10-31,2023-11-04,Same Day,Consumer,South,Office Supplies,Binders,1,0.0,125.25,32.36
ORD-1193,2024-02-28,2024-03-03,First Class,Corporate,West,Office Supplies,Storage,4,0.2,349.79,84.61
ORD-1194,2024-03-30,2024-04-03,Standard Class,Home Office,South,Office Supplies,Binders,8,0.15,562.08,40.06
ORD-1195,2024-10-26,2024-10-28,Standard Class,Home Office,North,Office Supplies,Paper,3,0.0,210.95,49.2
ORD-1196,2024-11-19,2024-11-24,Standard Class,Consumer,North,Technology,Phones,1,0.0,1454.52,245.87
ORD-1197,2024-01-17,2024-01-18,Standard Class,Home Office,North,Furniture,Chairs,3,0.1,2325.34,764.64
ORD-1198,2024-07-10,2024-07-11,Second Class,Home Office,North,Technology,Copiers,7,0.5,8875.22,589.47
ORD-1199,2023-06-02,2023-06-05,Second Class,Consumer,South,Technology,Machines,4,0.1,2800.27,241.68
ORD-1200,2024-02-16,2024-02-20,Same Day,Consumer,West,Office Supplies,Storage,2,0.0,206.81,17.52
ORD-1201,2024-07-04,2024-07-08,Standard Class,Home Office,South,Office Supplies,Binders,3,0.1,74.52,5.61
ORD-1202,2023-12-23,2023-12-28,Second Class,Corporate,West,Furniture,Chairs,3,0.0,2310.92,491.67
ORD-1203,2024-09-25,2024-10-01,Second Class,Consumer,North,Technology,Machines,9,0.0,14462.02,2428.06
ORD-1204,2024-11-09,2024-11-11,First Class,Consumer,South,Office Supplies,Art,2,0.15,103.65,15.77
ORD-1205,2024-04-23,2024-04-26,Standard Class,Home Office,North,Office Supplies,Paper,4,0.0,356.53,121.79
ORD-1206,2024-01-11,2024-01-14,Standard Class,Consumer,North,Furniture,Tables,5,0.0,1929.54,617.5
ORD-1207,2023-05-05,2023-05-10,Same Day,Consumer,West,Office Supplies,Storage,4,0.0,71.16,24.28
ORD-1208,2023-10-05,2023-10-09,First Class,Corporate,West,Office Supplies,Binders,3,0.0,206.59,41.78
ORD-1209,2024-01-18,2024-01-22,Second Class,Consumer,South,Technology,Copiers,4,0.1,4446.13,1547.94
ORD-1210,2023-04-14,2023-04-20,Standard Class,Corporate,North,Office Supplies,Binders,5,0.15,516.07,80.53
ORD-1211,2024-07-12,2024-07-16,First Class,Consumer,South,Technology,Machines,1,0.4,1497.82,65.71
ORD-1212,2024-09-11,2024-09-15,Standard Class,Consumer,East,Office Supplies,Storage,9,0.1,1007.97,269.85
ORD-1213,2024-12-31,2025-01-02,Same Day,Corporate,North,Office Supplies,Storage,1,0.15,19.91,2.78
ORD-1214,2023-05-27,2023-06-03,Standard Class,Home Office,West,Office Supplies,Binders,6,0.2,651.85,168.02
ORD-1215,2023-11-16,2023-11-22,Standard Class,Consumer,East,Technology,Phones,8,0.5,12214.07,-1503.02
ORD-1216,2024-06-25,2024-07-02,Standard Class,Corporate,South,Office Supplies,Binders,1,0.3,106.01,12.09
ORD-1217,2023-04-14,2023-04-21,Standard Class,Corporate,North,Furniture,Furnishings,2,0.0,634.31,50.92
ORD-1218,2023-12-24,2023-12-26,Standard Class,Consumer,South,Office Supplies,Paper,2,0.0,215.93,62.85
ORD-1219,2024-09-23,2024-09-29,Standard Class,Consumer,South,Furniture,Bookcases,5,0.1,2900.3,805.95
ORD-1220,2023-01-31,2023-02-01,Second Class,Corporate,East,Technology,Accessories,4,0.0,1893.52,259.4
ORD-1221,2023-01-30,2023-02-06,Standard Class,Consumer,South,Technology,Copiers,9,0.2,9743.6,1415.51
ORD-1222,2023-08-29,2023-08-31,Standard Class,Corporate,East,Technology,Accessories,9,0.0,4337.48,1428.19
ORD-1223,2024-09-24,2024-09-25,First Class,Consumer,South,Office Supplies,Paper,8,0.5,461.74,-56.89
ORD-1224,2024-11-28,2024-12-05,Second Class,Home Office,North,Office Supplies,Storage,5,0.5,177.92,13.93
ORD-1225,2024-03-27,2024-04-03,Second Class,Corporate,West,Office Supplies,Art,9,0.1,499.42,41.6
ORD-1226,2023-08-15,2023-08-19,First Class,Consumer,South,Technology,Phones,6,0.3,6554.01,-34.59
ORD-1227,2024-09-12,2024-09-19,Standard Class,Home Office,East,Office Supplies,Art,8,0.1,1135.41,254.05
ORD-1228,2024-06-16,2024-06-20,Standard Class,Consumer,South,Office Supplies,Binders,5,0.4,555.04,78.53
ORD-1229,2024-02-02,2024-02-04,Second Class,Corporate,South,Technology,Accessories,6,0.2,9791.74,1825.92
ORD-1230,2024-11-17,2024-11-18,Standard Class,Corporate,North,Technology,Machines,7,0.0,2576.31,355.51
ORD-1231,2023-02-02,2023-02-09,Second Class,Corporate,North,Office Supplies,Paper,3,0.0,253.55,81.03
ORD-1232,2023-08-13,2023-08-20,First Class,Consumer,East,Office Supplies,Paper,7,0.15,942.05,211.64
ORD-1233,2023-04-14,2023-04-15,Same Day,Corporate,South,Office Supplies,Art,7,0.0,406.17,96.15
ORD-1234,2024-01-29,2024-02-01,Same Day,Corporate,North,Furniture,Chairs,4,0.0,790.64,211.49
ORD-1235,2024-07-22,2024-07-29,Standard Class,Consumer,South,Office Supplies,Paper,2,0.0,139.83,38.92
ORD-1236,2024-07-26,2024-07-28,First Class,Home Office,East,Furniture,Tables,3,0.0,1558.09,286.16
ORD-1237,2024-03-03,2024-03-08,Standard Class,Home Office,South,Technology,Copiers,4,0.5,817.92,121.42
ORD-1238,2024-11-29,2024-12-01,Second Class,Consumer,North,Furniture,Chairs,4,0.3,441.85,66.12
ORD-1239,2023-05-05,2023-05-07,First Class,Home Office,East,Office Supplies,Art,1,0.1,71.93,20.46
ORD-1240,2024-08-18,2024-08-20,First Class,Home Office,East,Office Supplies,Binders,5,0.0,425.19,62.29
ORD-1241,2023-11-18,2023-11-25,Standard Class,Consumer,East,Furniture,Chairs,6,0.1,4722.93,1539.01
ORD-1242,2024-05-13,2024-05-14,Standard Class,Corporate,South,Technology,Phones,1,0.2,777.98,97.48
ORD-1243,2024-11-23,2024-11-26,Same Day,Consumer,North,Technology,Phones,9,0.0,3928.43,1323.47
ORD-1244,2023-10-05,2023-10-07,Standard Class,Corporate,East,Furniture,Furnishings,3,0.0,1641.82,293.94
ORD-1245,2023-11-23,2023-11-25,First Class,Home Office,West,Office Supplies,Art,3,0.15,99.26,5.94
ORD-1246,2024-05-08,2024-05-09,Standard Class,Corporate,North,Office Supplies,Storage,2,0.2,237.25,36.96
ORD-1247,2023-01-04,2023-01-07,Standard Class,Consumer,North,Office Supplies,Binders,9,0.15,202.33,13.84
ORD-1248,2023-11-22,2023-11-27,Standard Class,Consumer,East,Furniture,Bookcases,6,0.2,1430.02,346.34
ORD-1249,2023-06-18,2023-06-23,Second Class,Consumer,East,Office Supplies,Paper,6,0.1,182.36,21.18
ORD-1250,2023-01-22,2023-01-27,Standard Class,Consumer,North,Furniture,Furnishings,9,0.0,5902.47,1407.92
ORD-1251,2024-12-26,2024-12-27,First Class,Corporate,North,Technology,Machines,4,0.5,3197.9,-49.11
ORD-1252,2023-07-13,2023-07-20,Standard Class,Consumer,East,Office Supplies,Binders,9,0.0,494.71,75.99
ORD-1253,2023-09-19,2023-09-23,Second Class,Corporate,West,Technology,Machines,4,0.2,2240.85,605.78
ORD-1254,2024-01-04,2024-01-07,Same Day,Corporate,East,Furniture,Tables,3,0.2,1205.93,253.59
ORD-1255,2023-06-17,2023-06-20,Standard Class,Home Office,North,Office Supplies,Art,9,0.0,766.28,109.53
ORD-1256,2023-05-31,2023-06-02,Standard Class,Consumer,West,Office Supplies,Binders,3,0.0,385.05,97.11
ORD-1257,2023-05-04,2023-05-05,Standard Class,Consumer,North,Office Supplies,Storage,5,0.0,337.14,96.13
ORD-1258,2023-11-14,2023-11-16,Standard Class,Consumer,North,Office Supplies,Binders,7,0.15,985.35,108.09
ORD-1259,2024-02-07,2024-02-13,Standard Class,Consumer,East,Technology,Copiers,1,0.0,957.73,205.28
ORD-1260,2024-02-16,2024-02-22,Standard Class,Consumer,North,Furniture,Furnishings,9,0.2,3333.19,797.33
ORD-1261,2024-08-08,2024-08-14,Same Day,Consumer,West,Office Supplies,Storage,3,0.15,193.11,47.23
ORD-1262,2024-02-18,2024-02-23,Standard Class,Corporate,South,Technology,Machines,2,0.3,1765.53,377.86
ORD-1263,2023-06-03,2023-06-04,Standard Class,Home Office,South,Technology,Accessories,1,0.0,703.72,158.25
ORD-1264,2023-05-17,2023-05-21,Standard Class,Home Office,West,Furniture,Chairs,2,0.2,1174.75,174.0
ORD-1265,2024-05-21,2024-05-26,Standard Class,Home Office,West,Office Supplies,Storage,9,0.15,1284.59,334.33
ORD-1266,2024-05-07,2024-05-14,Standard Class,Home Office,South,Technology,Copiers,2,0.0,370.01,69.44
ORD-1267,2023-11-10,2023-11-11,First Class,Consumer,East,Furniture,Furnishings,8,0.0,3055.67,718.19
ORD-1268,2024-08-25,2024-08-31,Second Class,Home Office,South,Technology,Phones,6,0.3,3793.53,-225.71
ORD-1269,2023-07-06,2023-07-11,Standard Class,Corporate,North,Technology,Machines,2,0.3,3073.05,54.44
ORD-1270,2023-05-19,2023-05-21,,Consumer,South,Office Supplies,Art,3,0.1,103.17,25.44
ORD-1271,2024-01-20,2024-01-26,Same Day,Corporate,South,Furniture,Chairs,3,0.0,2061.88,281.97
ORD-1272,2023-07-15,2023-07-19,Second Class,Consumer,South,Office Supplies,Storage,7,0.5,782.62,-40.68
ORD-1273,2023-06-26,2023-06-28,Standard Class,Consumer,South,Furniture,Chairs,6,0.2,2960.05,933.34
ORD-1274,2023-03-17,2023-03-24,Standard Class,Corporate,North,Office Supplies,Storage,7,0.1,210.43,57.28
ORD-1275,2024-08-19,2024-08-21,Standard Class,Consumer,North,Technology,Accessories,3,0.0,4826.99,993.24
ORD-1276,2024-06-23,2024-06-26,Standard Class,Consumer,South,Furniture,Tables,9,0.1,6019.23,1075.54
ORD-1277,2023-01-19,2023-01-22,Standard Class,Consumer,East,Technology,Phones,1,0.1,86.09,28.4
ORD-1278,2023-10-22,2023-10-24,Standard Class,Home Office,North,Furniture,Tables,1,0.3,442.77,58.43
ORD-1279,2024-01-22,2024-01-29,Standard Class,Consumer,West,Furniture,Tables,9,0.3,5468.4,-49.05
ORD-1280,2023-12-30,2024-01-02,First Class,Consumer,South,Office Supplies,Binders,9,0.3,594.72,119.26
ORD-1281,2024-07-13,2024-07-15,Second Class,Consumer,South,Technology,Copiers,2,0.1,3429.9,998.6
ORD-1282,2023-12-01,2023-12-05,Standard Class,Consumer,West,Office Supplies,Binders,4,0.1,361.69,96.51
ORD-1283,2023-05-02,2023-05-09,First Class,Home Office,East,Furniture,Bookcases,8,0.1,2898.54,202.72
ORD-1284,2023-05-16,2023-05-17,Second Class,Consumer,East,Technology,Phones,7,0.15,2758.73,425.09
ORD-1285,2024-03-17,2024-03-18,First Class,Corporate,South,Office Supplies,Binders,6,0.1,562.78,127.5
ORD-1286,2023-02-09,2023-02-14,Second Class,Corporate,South,Office Supplies,Art,3,0.3,245.09,31.34
ORD-1287,2024-01-04,2024-01-10,Standard Class,Corporate,East,Office Supplies,Paper,4,0.3,454.12,-23.19
ORD-1288,2024-03-12,2024-03-19,Standard Class,Consumer,West,Office Supplies,Storage,1,0.1,56.66,7.32
ORD-1289,2024-02-09,2024-02-12,Standard Class,Corporate,West,Office Supplies,Paper,7,0.5,795.97,77.71
ORD-1290,2023-09-15,2023-09-18,Same Day,Consumer,West,Technology,Accessories,3,0.5,3727.24,-289.05
ORD-1291,2024-10-16,2024-10-21,First Class,Consumer,North,Technology,Machines,3,0.0,3585.3,197.71
ORD-1292,2023-04-24,2023-04-25,Standard Class,Corporate,East,Furniture,Bookcases,3,0.15,2430.29,843.81
ORD-1293,2024-01-18,2024-01-21,Second Class,Corporate,North,Technology,Machines,5,0.15,3342.98,637.79
ORD-1294,2024-10-22,2024-10-26,Second Class,Corporate,North,Technology,Accessories,7,0.3,7840.68,-289.96
ORD-1295,2023-03-16,2023-03-21,Second Class,Corporate,East,Furniture,Bookcases,4,0.1,1130.02,125.71
ORD-1296,2024-02-10,2024-02-16,Standard Class,Consumer,North,Office Supplies,Paper,8,0.3,680.0,148.43
ORD-1297,2024-10-04,2024-10-08,First Class,Corporate,North,Office Supplies,Binders,8,0.15,125.23,32.66
ORD-1298,2023-01-29,2023-01-31,Second Class,Consumer,South,Office Supplies,Art,8,0.0,621.83,168.66
ORD-1299,2023-03-29,2023-04-05,Second Class,Home Office,South,Furniture,Chairs,4,0.0,3510.57,634.07
ORD-1300,2023-09-25,2023-09-26,Standard Class,Consumer,East,Technology,Phones,4,0.0,1805.56,600.74
ORD-1301,2024-07-17,2024-07-24,Standard Class,Consumer,South,Technology,Accessories,8,0.0,3301.82,185.42
ORD-1302,2024-10-11,2024-10-18,Standard Class,Consumer,North,Office Supplies,Binders,8,0.0,210.43,15.74
ORD-1303,2024-10-03,2024-10-10,Standard Class,Consumer,North,Office Supplies,Art,7,0.0,343.18,64.48
ORD-1304,2024-05-04,2024-05-05,Second Class,Consumer,East,Office Supplies,Paper,7,0.3,648.12,147.02
ORD-1305,2024-01-28,2024-02-01,Standard Class,Corporate,South,Office Supplies,Binders,3,0.2,356.85,31.04
ORD-1306,2024-12-08,2024-12-11,First Class,Home Office,East,Furniture,Chairs,6,0.0,2931.15,632.54
ORD-1307,2024-11-02,2024-11-05,First Class,Consumer,South,Office Supplies,Art,6,0.5,326.15,6.97
ORD-1308,2023-07-04,2023-07-10,Standard Class,Home Office,North,Technology,Machines,4,0.15,2448.19,284.36
ORD-1309,2024-12-25,2024-12-27,First Class,Consumer,North,Office Supplies,Art,6,0.0,575.78,124.54
ORD-1310,2023-09-30,2023-10-02,Standard Class,Consumer,South,Technology,Machines,1,0.2,816.97,213.02
ORD-1311,2023-01-02,2023-01-08,Standard Class,Home Office,North,Office Supplies,Storage,5,0.0,369.87,90.24
ORD-1312,2024-04-11,2024-04-15,Standard Class,Corporate,East,Office Supplies,Art,6,0.5,433.08,38.46
ORD-1313,2023-04-08,2023-04-09,Second Class,Consumer,North,Office Supplies,Binders,8,0.0,241.26,16.08
ORD-1314,2024-09-06,2024-09-09,Second Class,Corporate,East,Furniture,Tables,5,0.2,3950.26,708.41
ORD-1315,2024-12-12,2024-12-13,Same Day,Consumer,South,Office Supplies,Art,1,0.15,134.0,14.43
ORD-1316,2023-01-28,2023-01-30,Standard Class,Corporate,East,Office Supplies,Art,1,0.2,136.01,32.21
ORD-1317,2024-05-08,2024-05-11,First Class,Consumer,North,Office Supplies,Art,8,0.4,1047.52,27.07
ORD-1318,2024-05-06,2024-05-09,Standard Class,Consumer,South,Furniture,Furnishings,8,0.1,3390.92,842.89
ORD-1319,2023-10-09,2023-10-13,Standard Class,Consumer,East,Office Supplies,Storage,9,0.15,1020.31,176.88
ORD-1320,2023-06-11,2023-06-18,Standard Class,Consumer,West,Technology,Machines,3,0.0,3980.99,712.55
ORD-1321,2024-03-08,2024-03-12,Second Class,Consumer,South,Technology,Phones,9,0.0,12008.66,1020.43
ORD-1322,2023-03-11,2023-03-12,Same Day,Corporate,South,Furniture,Bookcases,3,0.1,2181.41,475.93
ORD-1323,2023-06-29,2023-06-30,Second Class,Consumer,South,Office Supplies,Art,5,0.0,111.06,25.37
ORD-1324,2024-03-24,2024-03-28,Standard Class,Consumer,East,Technology,Copiers,6,0.1,9847.75,2836.85
ORD-1325,2024-09-06,2024-09-13,Standard Class,Consumer,East,Furniture,Tables,1,0.0,641.29,143.19
ORD-1326,2024-11-24,2024-11-26,First Class,Home Office,West,Technology,Accessories,1,0.3,933.02,34.99
ORD-1327,2024-03-04,2024-03-10,First Class,Home Office,North,Furniture,Furnishings,3,0.0,1149.22,291.63
ORD-1328,2024-07-23,2024-07-24,Standard Class,Consumer,North,Office Supplies,Storage,1,0.4,88.16,12.65
ORD-1329,2024-01-19,2024-01-23,Second Class,Consumer,South,Office Supplies,Storage,8,0.0,308.52,55.98
ORD-1330,2023-11-23,2023-11-26,Second Class,Consumer,West,Office Supplies,Art,4,0.15,57.93,3.4
ORD-1331,2023-07-09,2023-07-13,Standard Class,Corporate,North,Furniture,Chairs,7,0.0,2288.04,722.69
ORD-1332,2024-05-18,2024-05-22,Standard Class,Consumer,West,Office Supplies,Binders,7,0.2,73.98,22.0
ORD-1333,2023-06-22,2023-06-29,Standard Class,Consumer,West,Office Supplies,Paper,8,0.1,601.94,79.65
ORD-1334,2023-07-21,2023-07-25,Standard Class,Consumer,South,Technology,Machines,9,0.0,6673.7,2049.88
ORD-1335,2024-05-18,2024-05-24,Standard Class,Corporate,North,Furniture,Tables,7,0.1,6055.86,1085.79
ORD-1336,2023-09-08,2023-09-09,Standard Class,Consumer,South,Furniture,Chairs,8,0.1,4027.64,1116.4
ORD-1337,2024-12-18,2024-12-20,Standard Class,Home Office,South,Office Supplies,Storage,5,0.3,244.18,54.31
ORD-1338,2024-05-17,2024-05-18,Same Day,Consumer,South,Technology,Copiers,3,0.0,200.86,45.19
ORD-1339,2023-09-19,2023-09-20,Standard Class,Corporate,East,Office Supplies,Art,8,0.4,41.59,0.1
ORD-1340,2024-07-28,2024-08-01,Standard Class,Consumer,North,Technology,Phones,4,0.1,804.53,121.67
ORD-1341,2023-03-17,2023-03-22,First Class,Corporate,South,Furniture,Tables,4,0.0,2790.53,618.38
ORD-1342,2023-03-05,2023-03-10,Standard Class,Corporate,East,Furniture,Furnishings,6,0.0,2414.89,404.67
ORD-1343,2024-04-15,2024-04-17,Standard Class,Consumer,South,Office Supplies,Binders,6,0.0,136.24,34.29
ORD-1344,2024-03-16,2024-03-20,Second Class,Consumer,East,Technology,Accessories,2,0.0,222.29,40.76
ORD-1345,2024-08-29,2024-09-05,Second Class,Corporate,South,Furniture,Bookcases,2,0.1,1527.8,281.01
ORD-1346,2023-07-13,2023-07-17,Same Day,Consumer,East,Office Supplies,Art,4,0.15,475.11,98.39
ORD-1347,2024-08-29,2024-08-30,First Class,Corporate,West,Technology,Phones,3,0.0,2836.1,974.9
ORD-1348,2023-06-20,2023-06-23,Same Day,Home Office,West,Office Supplies,Paper,4,0.0,23.13,6.49
ORD-1349,2024-01-16,2024-01-18,Second Class,Corporate,East,Furniture,Chairs,9,0.3,2218.73,-125.36
ORD-1350,2024-07-06,2024-07-08,Standard Class,Consumer,South,Office Supplies,Art,4,0.1,65.31,18.5
ORD-1351,2024-03-10,2024-03-14,Same Day,Corporate,East,Office Supplies,Paper,7,0.1,910.58,64.49
ORD-1352,2024-10-19,2024-10-25,Second Class,Consumer,West,Technology,Accessories,4,0.15,4856.01,691.33
ORD-1353,2023-06-13,2023-06-17,Standard Class,Corporate,West,Office Supplies,Art,7,0.0,365.71,98.24
ORD-1354,2023-12-03,2023-12-08,Standard Class,Consumer,West,Furniture,Tables,4,0.15,2897.38,395.42
ORD-1355,2023-07-25,2023-08-01,Standard Class,Consumer,West,Furniture,Bookcases,4,0.15,270.59,55.29
ORD-1356,2023-11-22,2023-11-29,Standard Class,Home Office,North,Office Supplies,Binders,7,0.5,443.91,-7.44
ORD-1357,2023-02-23,2023-02-25,Standard Class,Home Office,South,Technology,Machines,6,0.15,7030.07,1816.54
ORD-1358,2024-11-03,2024-11-06,Second Class,Corporate,East,Office Supplies,Art,6,0.0,789.39,224.27
ORD-1359,2023-07-07,2023-07-08,Standard Class,Corporate,South,Office Supplies,Binders,3,0.1,247.07,55.76
ORD-1360,2023-05-17,2023-05-21,Standard Class,Corporate,East,Technology,Machines,6,0.1,8643.39,1136.92
ORD-1361,2024-01-04,2024-01-06,Second Class,Corporate,South,Technology,Copiers,9,0.2,7324.82,2059.26
ORD-1362,2024-10-13,2024-10-16,Standard Class,Consumer,West,Office Supplies,Binders,6,0.15,612.0,201.47
ORD-1363,2023-01-07,2023-01-13,Standard Class,Consumer,North,Office Supplies,Binders,6,0.1,847.11,61.85
ORD-1364,2023-11-30,2023-12-03,Same Day,Consumer,East,Technology,Copiers,6,0.1,10331.43,2561.23
ORD-1365,2024-07-29,2024-08-04,Second Class,Consumer,East,Furniture,Bookcases,9,0.15,1492.94,335.2
ORD-1366,2024-11-03,2024-11-04,Standard Class,Corporate,South,Office Supplies,Art,9,0.0,765.84,65.05
ORD-1367,2023-10-19,2023-10-21,Standard Class,Home Office,North,Office Supplies,Art,4,0.15,98.57,20.41
ORD-1368,2023-02-08,2023-02-09,Same Day,Corporate,West,Furniture,Bookcases,1,0.0,362.23,125.45
ORD-1369,2023-03-31,2023-04-05,Standard Class,Consumer,North,Office Supplies,Art,1,0.0,140.71,40.21
ORD-1370,2023-06-04,2023-06-11,Second Class,Consumer,West,Furniture,Bookcases,6,0.0,2131.77,227.64
ORD-1371,2024-12-22,2024-12-26,First Class,Consumer,East,Technology,Copiers,8,0.15,5102.99,1519.57
ORD-1372,2023-05-14,2023-05-16,First Class,Consumer,East,Office Supplies,Storage,1,0.15,62.26,6.57
ORD-1373,2024-02-20,2024-02-25,Standard Class,Home Office,East,Technology,Copiers,3,0.0,214.79,23.77
ORD-1374,2023-02-04,2023-02-10,Standard Class,Consumer,North,Technology,Phones,5,0.0,4674.85,1009.71
ORD-1375,2023-01-16,2023-01-21,Standard Class,Home Office,West,Furniture,Tables,8,0.1,1104.45,204.72
ORD-1376,2023-09-23,2023-09-26,Standard Class,Consumer,East,Office Supplies,Binders,9,0.0,205.89,13.95
ORD-1377,2023-05-14,2023-05-21,Second Class,Consumer,East,Furniture,Tables,3,0.0,373.43,104.48
ORD-1378,2023-05-17,2023-05-21,Same Day,Consumer,North,Furniture,Chairs,5,0.0,2817.31,292.18
ORD-1379,2024-01-02,2024-01-04,First Class,Consumer,East,Office Supplies,Paper,3,0.5,244.86,-19.05
ORD-1380,2023-01-14,2023-01-20,Same Day,Consumer,East,Office Supplies,Binders,7,0.0,846.15,228.01
ORD-1381,2023-10-16,2023-10-19,Second Class,Consumer,North,Furniture,Tables,7,0.15,1187.19,80.44
ORD-1382,2024-06-23,2024-06-26,Second Class,Corporate,North,Furniture,Furnishings,6,0.1,2471.19,619.69
ORD-1383,2023-12-18,2023-12-24,Standard Class,Consumer,West,Office Supplies,Storage,3,0.3,239.4,1.52
ORD-1384,2023-05-15,2023-05-17,Second Class,Corporate,South,Office Supplies,Storage,1,0.0,111.58,14.33
ORD-1385,2024-09-20,2024-09-24,Standard Class,Consumer,East,Office Supplies,Binders,2,0.4,70.71,-4.08
ORD-1386,2023-12-21,2023-12-22,Standard Class,Consumer,South,Office Supplies,Binders,1,0.3,89.27,9.21
ORD-1387,2023-12-11,2023-12-13,Same Day,Corporate,East,Technology,Phones,8,0.0,4163.17,590.86
ORD-1388,2023-02-14,2023-02-20,Standard Class,Consumer,East,Furniture,Chairs,8,0.1,1585.65,465.48
ORD-1389,2023-01-15,2023-01-19,Standard Class,Consumer,East,Office Supplies,Binders,5,0.15,409.81,102.01
ORD-1390,2024-08-27,2024-09-01,First Class,Consumer,South,Technology,Phones,5,0.0,8102.13,2600.52
ORD-1391,2023-10-25,2023-10-30,First Class,Consumer,South,Office Supplies,Binders,7,0.15,336.43,97.94
ORD-1392,2023-05-31,2023-06-05,Standard Class,Consumer,North,Technology,Machines,9,0.2,3124.29,695.21
ORD-1393,2023-04-16,2023-04-23,Standard Class,Consumer,North,Office Supplies,Paper,8,0.3,456.82,76.98
ORD-1394,2024-05-06,2024-05-13,Standard Class,Home Office,East,Furniture,Bookcases,8,0.3,2511.32,-113.71
ORD-1395,2024-08-14,2024-08-18,First Class,Home Office,North,Office Supplies,Binders,7,0.3,167.34,4.76
ORD-1396,2024-03-14,2024-03-15,Standard Class,Consumer,East,Furniture,Bookcases,5,0.15,3504.91,423.0
ORD-1397,2023-11-24,2023-11-27,Same Day,Home Office,West,Office Supplies,Storage,3,0.3,46.1,-0.89
ORD-1398,2024-09-07,2024-09-14,Standard Class,Consumer,East,Office Supplies,Paper,4,0.15,393.89,56.08
ORD-1399,2023-07-28,2023-07-31,Standard Class,Corporate,East,Technology,Machines,1,0.0,1269.79,116.53
ORD-1400,2023-02-19,2023-02-25,First Class,Consumer,West,Furniture,Tables,9,0.0,2302.03,790.23
ORD-1401,2024-12-01,2024-12-07,Standard Class,Consumer,West,Furniture,Tables,7,0.1,2369.96,479.51
ORD-1402,2024-07-03,2024-07-09,First Class,Consumer,West,Furniture,Chairs,6,0.0,3031.51,897.56
ORD-1403,2024-09-25,2024-09-26,Standard Class,Corporate,South,Office Supplies,Storage,5,0.0,457.14,23.08
ORD-1404,2024-09-08,2024-09-13,Second Class,Consumer,South,Office Supplies,Binders,6,0.2,258.32,80.82
ORD-1405,2023-11-23,2023-11-24,Standard Class,Corporate,South,Technology,Copiers,9,0.2,11063.62,3599.57
ORD-1406,2023-11-14,2023-11-16,Standard Class,Corporate,South,Furniture,Furnishings,1,0.3,400.26,75.97
ORD-1407,2024-05-13,2024-05-19,Standard Class,Home Office,East,Office Supplies,Storage,4,0.5,154.77,16.6
ORD-1408,2023-12-29,2024-01-03,Same Day,Consumer,East,Office Supplies,Storage,6,0.5,39.01,5.28
ORD-1409,2024-01-04,2024-01-11,Standard Class,Consumer,South,Office Supplies,Binders,3,0.0,396.02,32.49
ORD-1410,2024-06-26,2024-07-02,Second Class,Consumer,South,Office Supplies,Binders,7,0.0,964.54,68.64
ORD-1411,2023-04-24,2023-04-29,Same Day,Consumer,South,Technology,Accessories,6,0.0,2072.51,421.83
ORD-1412,2023-03-06,2023-03-10,Same Day,Home Office,West,Technology,Phones,4,0.2,5967.98,1095.94
ORD-1413,2024-08-30,2024-09-02,First Class,Corporate,East,Furniture,Chairs,5,0.1,3303.6,951.23
ORD-1414,2023-02-14,2023-02-15,Same Day,Consumer,South,Office Supplies,Storage,9,0.2,900.5,181.1
ORD-1415,2024-08-31,2024-09-07,Second Class,Consumer,East,Office Supplies,Binders,7,0.2,172.22,51.28
ORD-1416,2023-10-14,2023-10-16,Second Class,Consumer,West,Technology,Phones,4,0.15,4178.38,512.07
ORD-1417,2023-04-07,2023-04-09,Second Class,Corporate,West,Office Supplies,Storage,1,0.0,57.56,11.02
ORD-1418,2024-03-17,2024-03-19,Second Class,Consumer,North,Office Supplies,Binders,9,0.15,902.96,110.38
ORD-1419,2023-06-15,2023-06-16,Standard Class,Corporate,South,Furniture,Furnishings,8,0.0,6184.77,2027.48
ORD-1420,2023-04-27,2023-04-29,Standard Class,Consumer,West,Furniture,Bookcases,4,0.4,1046.11,-12.19
ORD-1421,2023-03-14,2023-03-20,Second Class,Corporate,East,Office Supplies,Paper,5,0.3,58.71,-2.58
ORD-1422,2024-06-21,2024-06-22,Standard Class,Consumer,East,Office Supplies,Binders,1,0.1,132.78,19.07
ORD-1423,2024-10-04,2024-10-07,Same Day,Corporate,East,Technology,Copiers,6,0.1,8490.92,555.13
ORD-1424,2023-09-23,2023-09-29,Second Class,Consumer,East,Office Supplies,Binders,7,0.1,685.43,39.8
ORD-1425,2024-12-24,2024-12-31,Standard Class,Home Office,South,Office Supplies,Paper,8,0.15,1032.95,258.26
ORD-1426,2024-10-22,2024-10-26,Standard Class,Home Office,North,Furniture,Tables,4,0.3,2246.54,475.4
ORD-1427,2023-07-02,2023-07-06,Standard Class,Corporate,East,Technology,Accessories,6,0.0,9722.67,2942.39
ORD-1428,2023-09-03,2023-09-09,Standard Class,Home Office,North,Furniture,Furnishings,5,0.0,3952.53,707.91
ORD-1429,2024-01-13,2024-01-18,Standard Class,Consumer,East,Office Supplies,Storage,6,0.3,619.5,80.58
ORD-1430,2024-06-30,2024-07-07,Standard Class,Consumer,West,Technology,Copiers,3,0.0,682.24,143.09
ORD-1431,2024-05-30,2024-06-01,Second Class,Home Office,South,Office Supplies,Paper,6,0.0,135.63,33.91
ORD-1432,2024-03-22,2024-03-23,Standard Class,Consumer,East,Office Supplies,Art,4,0.0,491.63,88.92
ORD-1433,2024-06-09,2024-06-15,Same Day,Consumer,East,Technology,Copiers,6,0.3,3405.93,642.86
ORD-1434,2023-03-27,2023-03-31,Second Class,Corporate,West,Furniture,Tables,8,0.0,3739.32,502.58
ORD-1435,2023-02-08,2023-02-09,First Class,Consumer,North,Furniture,Chairs,9,0.0,1403.63,85.53
ORD-1436,2023-06-29,2023-07-05,First Class,Consumer,North,Technology,Machines,3,0.3,327.23,11.08
ORD-1437,2024-02-06,2024-02-12,Standard Class,Consumer,North,Office Supplies,Paper,4,0.1,563.03,76.22
ORD-1438,2024-08-23,2024-08-27,First Class,Consumer,West,Office Supplies,Paper,5,0.0,255.58,25.96
ORD-1439,2023-04-22,2023-04-27,First Class,Consumer,South,Furniture,Bookcases,2,0.1,1027.7,237.36
ORD-1440,2023-09-15,2023-09-22,Standard Class,Consumer,East,Technology,Copiers,5,0.0,1655.19,439.9
ORD-1441,2023-06-18,2023-06-23,First Class,Home Office,North,Technology,Copiers,5,0.1,1804.58,203.4
ORD-1442,2024-09-11,2024-09-13,Standard Class,Consumer,West,Technology,Phones,4,0.3,1012.35,174.7
ORD-1443,2024-02-13,2024-02-17,Standard Class,Consumer,North,Technology,Copiers,3,0.0,3411.23,1127.82
ORD-1444,2024-09-06,2024-09-08,Standard Class,Home Office,North,Technology,Machines,3,0.0,4167.91,1206.19
ORD-1445,2024-11-08,2024-11-15,Same Day,Consumer,South,Office Supplies,Storage,7,0.1,80.22,23.31
ORD-1446,2024-06-04,2024-06-09,Standard Class,Consumer,West,Technology,Accessories,2,0.2,2095.02,248.26
ORD-1447,2024-08-10,2024-08-14,Standard Class,Corporate,South,Office Supplies,Storage,6,0.0,783.05,179.59
ORD-1448,2023-10-21,2023-10-28,Standard Class,Corporate,North,Technology,Phones,8,0.0,11563.52,2362.97
ORD-1449,2024-12-28,2024-12-29,Standard Class,Corporate,East,Office Supplies,Storage,3,0.15,136.85,10.26
ORD-1450,2024-05-17,2024-05-21,First Class,Corporate,South,Office Supplies,Art,7,0.5,166.45,0.63
ORD-1451,2023-05-25,2023-05-27,Standard Class,Consumer,West,Office Supplies,Binders,7,0.0,826.75,60.01
ORD-1452,2024-05-21,2024-05-23,Standard Class,Consumer,West,Furniture,Furnishings,3,0.1,2352.9,205.63
ORD-1453,2023-03-19,2023-03-24,Standard Class,Corporate,East,Furniture,Chairs,3,0.2,1277.14,67.89
ORD-1454,2024-08-31,2024-09-06,Standard Class,Consumer,North,Office Supplies,Paper,8,0.4,836.72,-79.36
ORD-1455,2024-04-30,2024-05-06,Standard Class,Corporate,West,Office Supplies,Binders,3,0.3,173.96,8.29
ORD-1456,2024-07-05,2024-07-08,Standard Class,Consumer,East,Office Supplies,Binders,7,0.1,332.49,42.43
ORD-1457,2024-05-11,2024-05-18,Standard Class,Home Office,East,Office Supplies,Storage,1,0.0,144.31,30.34
ORD-1458,2024-07-27,2024-07-31,Standard Class,Consumer,East,Furniture,Tables,6,0.0,3047.95,205.2
ORD-1459,2023-07-15,2023-07-20,Standard Class,Consumer,South,Office Supplies,Paper,3,0.0,73.0,23.27
ORD-1460,2023-10-15,2023-10-19,Second Class,Corporate,South,Furniture,Furnishings,1,0.2,326.5,39.44
ORD-1461,2024-01-14,2024-01-17,Same Day,Consumer,South,Furniture,Tables,2,0.3,982.45,103.09
ORD-1462,2023-06-11,2023-06-18,First Class,Consumer,North,Furniture,Bookcases,5,0.1,1285.04,330.3
ORD-1463,2023-06-16,2023-06-20,Second Class,Corporate,North,Technology,Accessories,4,0.3,511.06,-14.47
ORD-1464,2023-05-15,2023-05-16,Standard Class,Consumer,South,Technology,Copiers,1,0.0,828.25,210.69
ORD-1465,2024-04-23,2024-04-26,Standard Class,Consumer,East,Furniture,Bookcases,6,0.3,4852.03,330.42
ORD-1466,2024-05-29,2024-06-04,Standard Class,Consumer,East,Furniture,Chairs,7,0.2,3822.96,502.12
ORD-1467,2024-12-23,2024-12-28,Standard Class,Consumer,East,Furniture,Chairs,9,0.0,7922.01,2099.19
ORD-1468,2024-04-23,2024-04-27,Standard Class,Home Office,North,Furniture,Tables,9,0.5,4875.17,406.18
ORD-1469,2023-03-07,2023-03-11,First Class,Consumer,South,Technology,Accessories,4,0.3,4813.11,-261.0
ORD-1470,2024-11-23,2024-11-28,Standard Class,Consumer,East,Technology,Phones,7,0.0,3543.68,758.58
ORD-1471,2023-04-26,2023-04-28,Standard Class,Consumer,North,Furniture,Chairs,2,0.1,412.6,89.2
ORD-1472,2024-07-04,2024-07-05,First Class,Consumer,North,Furniture,Bookcases,1,0.3,672.2,69.38
ORD-1473,2023-02-21,2023-02-22,Standard Class,Home Office,North,Office Supplies,Storage,2,0.0,154.76,12.53
ORD-1474,2023-12-24,2023-12-27,Standard Class,Consumer,North,Office Supplies,Binders,8,0.15,999.77,144.69
ORD-1475,2024-05-07,2024-05-10,Standard Class,Consumer,South,Office Supplies,Storage,3,0.2,263.68,34.95
ORD-1476,2024-09-28,2024-09-30,Second Class,Corporate,North,Technology,Machines,1,0.3,164.87,36.66
ORD-1477,2023-02-15,2023-02-17,Standard Class,Home Office,South,Technology,Accessories,6,0.15,7986.38,908.84
ORD-1478,2023-07-29,2023-08-04,Standard Class,Home Office,East,Office Supplies,Binders,4,0.1,552.11,38.55
ORD-1479,2024-11-19,2024-11-22,Second Class,Corporate,North,Office Supplies,Binders,1,0.0,13.28,1.22
ORD-1480,2023-02-16,2023-02-23,Second Class,Consumer,West,Technology,Machines,9,0.3,6447.79,19.05
ORD-1481,2024-09-20,2024-09-27,Standard Class,Corporate,South,Furniture,Bookcases,2,0.0,1330.82,284.72
ORD-1482,2023-09-28,2023-10-04,Standard Class,Home Office,East,Office Supplies,Art,6,0.0,854.58,189.57
ORD-1483,2023-01-14,2023-01-19,Same Day,Home Office,North,Office Supplies,Storage,8,0.2,321.54,81.21
ORD-1484,2024-10-08,2024-10-10,First Class,Consumer,North,Furniture,Tables,9,0.0,5225.29,1535.48
ORD-1485,2024-09-28,2024-09-30,First Class,Corporate,East,Technology,Accessories,4,0.15,6543.8,943.93
ORD-1486,2023-04-27,2023-05-01,Standard Class,Corporate,West,Furniture,Bookcases,1,0.0,257.72,84.11
ORD-1487,2024-06-19,2024-06-23,Standard Class,Corporate,South,Furniture,Bookcases,3,0.4,506.03,85.22
ORD-1488,2024-02-01,2024-02-03,Second Class,Consumer,South,Technology,Phones,1,0.0,514.95,127.18
ORD-1489,2024-03-30,2024-04-03,Standard Class,Corporate,North,Office Supplies,Art,9,0.15,421.51,86.17
ORD-1490,2024-08-17,2024-08-18,Standard Class,Corporate,South,Office Supplies,Art,5,0.0,145.97,12.76
ORD-1491,2024-06-17,2024-06-19,Standard Class,Consumer,East,Office Supplies,Storage,3,0.3,184.25,41.91
ORD-1492,2023-04-11,2023-04-13,Standard Class,Corporate,East,Office Supplies,Storage,9,0.2,1130.44,365.2
ORD-1493,2024-10-17,2024-10-21,Second Class,Consumer,East,Office Supplies,Storage,5,0.3,319.16,48.27
ORD-1494,2023-04-10,2023-04-12,Standard Class,Consumer,South,Technology,Phones,4,0.15,4740.55,444.8
ORD-1495,2023-06-21,2023-06-28,Standard Class,Home Office,South,Office Supplies,Storage,4,0.3,324.11,74.48
ORD-1496,2024-04-05,2024-04-09,Standard Class,Home Office,North,Office Supplies,Art,9,0.0,222.15,60.05
ORD-1497,2024-08-01,2024-08-07,Standard Class,Consumer,South,Technology,Accessories,9,0.2,9745.47,3136.39
ORD-1498,2024-11-05,2024-11-12,Standard Class,Consumer,South,Furniture,Tables,5,0.1,2657.05,697.68
ORD-1499,2024-11-13,2024-11-20,Second Class,Consumer,North,Office Supplies,Storage,8,0.1,77.51,22.39
ORD-1500,2024-11-28,2024-11-29,Same Day,Consumer,West,Office Supplies,Paper,6,0.0,575.29,106.37
ORD-1501,2024-05-05,2024-05-12,Same Day,Consumer,South,Office Supplies,Paper,8,0.15,995.11,332.02
ORD-1502,2023-01-26,2023-01-29,Second Class,Corporate,North,Office Supplies,Paper,7,0.1,898.36,92.86
ORD-1503,2023-03-13,2023-03-18,Standard Class,Consumer,North,Furniture,Chairs,2,0.0,1576.58,375.29
ORD-1504,2023-05-24,2023-05-29,Standard Class,Consumer,West,Office Supplies,Binders,2,0.15,260.04,51.41
ORD-1505,2024-03-21,2024-03-26,Standard Class,Home Office,South,Technology,Accessories,7,0.0,1934.91,636.55
ORD-1506,2024-12-25,2024-12-26,Standard Class,Consumer,South,Office Supplies,Binders,6,0.1,628.62,36.75
ORD-1507,2024-03-18,2024-03-24,Same Day,Consumer,North,Office Supplies,Storage,4,0.2,372.11,93.78
ORD-1508,2024-07-28,2024-08-02,Standard Class,Consumer,West,Furniture,Tables,3,0.15,703.03,43.92
ORD-1509,2023-12-17,2023-12-19,Standard Class,Home Office,West,Office Supplies,Binders,3,0.1,17.54,6.04
ORD-1510,2024-05-20,2024-05-26,Standard Class,Corporate,East,Furniture,Chairs,5,0.3,1682.27,-47.46
ORD-1511,2024-07-09,2024-07-13,Same Day,Consumer,South,Office Supplies,Storage,6,0.5,610.67,-64.51
ORD-1512,2023-03-26,2023-03-29,Second Class,Corporate,South,Office Supplies,Paper,7,0.0,52.22,13.6
ORD-1513,2024-06-22,2024-06-25,Standard Class,Consumer,South,Office Supplies,Paper,2,0.0,154.7,43.26
ORD-1514,2023-01-26,2023-02-01,First Class,Consumer,North,Technology,Phones,5,0.15,8280.29,1075.36
ORD-1515,2024-11-27,2024-12-04,Standard Class,Corporate,South,Office Supplies,Art,2,0.0,48.42,6.73
ORD-1516,2024-07-04,2024-07-05,Standard Class,Consumer,South,Furniture,Furnishings,2,0.15,278.08,21.97
ORD-1517,2023-11-21,2023-11-27,First Class,Consumer,North,Technology,Accessories,2,0.1,1548.5,473.77
ORD-1518,2023-03-20,2023-03-21,Same Day,Corporate,South,Furniture,Bookcases,7,0.0,3569.85,1041.11
ORD-1519,2024-03-21,2024-03-27,Standard Class,Consumer,South,Office Supplies,Binders,5,0.1,191.86,41.68
ORD-1520,2023-07-21,2023-07-26,Standard Class,Consumer,South,Technology,Phones,8,0.0,8017.52,1118.83
ORD-1521,2023-01-21,2023-01-23,Standard Class,Consumer,North,Office Supplies,Art,6,0.1,202.93,57.38
ORD-1522,2024-07-20,2024-07-21,First Class,Consumer,West,Technology,Machines,8,0.0,5335.41,717.82
ORD-1523,2023-09-30,2023-10-06,Second Class,Consumer,North,Furniture,Furnishings,2,0.4,1191.87,45.37
ORD-1524,2023-08-15,2023-08-19,Standard Class,Consumer,East,Office Supplies,Paper,4,0.2,456.2,38.57
ORD-1525,2024-06-10,2024-06-17,Standard Class,Corporate,East,Furniture,Chairs,2,0.0,150.29,45.81
ORD-1526,2024-05-18,2024-05-20,Standard Class,Corporate,South,Technology,Phones,3,0.0,5366.29,369.59
ORD-1527,2024-02-16,2024-02-19,Second Class,Home Office,South,Technology,Machines,7,0.1,527.86,66.72
ORD-1528,2024-06-04,2024-06-05,Standard Class,Consumer,West,Furniture,Tables,6,0.1,1714.83,374.65
ORD-1529,2024-09-03,2024-09-07,Standard Class,Corporate,South,Office Supplies,Storage,6,0.0,368.88,33.45
ORD-1530,2023-08-17,2023-08-23,Standard Class,Corporate,East,Technology,Machines,8,0.2,12944.63,2210.4
ORD-1531,2024-11-04,2024-11-07,Standard Class,Home Office,East,Furniture,Chairs,6,0.0,1950.39,332.13
ORD-1532,2024-04-19,2024-04-23,Second Class,Corporate,East,Technology,Accessories,8,0.0,5462.5,874.09
ORD-1533,2024-04-20,2024-04-27,Standard Class,Consumer,East,Furniture,Furnishings,4,0.0,1930.68,301.66
ORD-1534,2024-04-15,2024-04-22,Second Class,Corporate,East,Furniture,Tables,9,0.2,5886.62,446.45
ORD-1535,2024-02-07,2024-02-14,Standard Class,Consumer,South,Office Supplies,Art,1,0.3,125.63,9.03
ORD-1536,2023-01-22,2023-01-25,Same Day,Corporate,South,Office Supplies,Art,2,0.4,86.14,-7.78
ORD-1537,2023-08-13,2023-08-15,Second Class,Corporate,East,Office Supplies,Binders,1,0.2,78.47,8.81
ORD-1538,2024-07-05,2024-07-10,Standard Class,Consumer,South,Office Supplies,Paper,4,0.15,546.25,75.46
ORD-1539,2024-12-02,2024-12-09,Standard Class,Corporate,East,Office Supplies,Paper,6,0.1,685.58,37.06
ORD-1540,2024-06-29,2024-07-06,Second Class,Consumer,West,Office Supplies,Storage,5,0.0,273.09,20.57
ORD-1541,2023-04-25,2023-04-26,Standard Class,Consumer,North,Furniture,Bookcases,9,0.0,7727.63,2655.8
ORD-1542,2024-03-21,2024-03-27,Standard Class,Corporate,South,Office Supplies,Paper,8,0.0,574.43,144.53
ORD-1543,2023-08-23,2023-08-30,Second Class,Consumer,North,Furniture,Tables,7,0.0,1997.31,440.94
ORD-1544,2024-07-27,2024-07-29,Standard Class,Consumer,North,Office Supplies,Binders,2,0.15,260.47,40.9
ORD-1545,2023-08-11,2023-08-18,Same Day,Consumer,South,Technology,Phones,5,0.15,568.13,189.94
ORD-1546,2023-12-29,2024-01-04,First Class,Corporate,East,Office Supplies,Binders,7,0.0,550.98,120.93
ORD-1547,2024-01-17,2024-01-18,Standard Class,Home Office,East,Office Supplies,Binders,1,0.1,51.2,14.79
ORD-1548,2023-04-24,2023-04-28,Standard Class,Consumer,West,Office Supplies,Art,7,0.1,960.11,105.37
ORD-1549,2024-11-18,2024-11-22,Same Day,Corporate,East,Technology,Machines,6,0.0,3053.88,821.61
ORD-1550,2024-10-17,2024-10-18,Standard Class,Corporate,South,Office Supplies,Paper,4,0.15,60.94,5.14
ORD-1551,2024-11-29,2024-12-04,Second Class,Consumer,North,Office Supplies,Art,6,0.1,150.62,10.4
ORD-1552,2023-02-23,2023-02-27,Standard Class,Consumer,West,Technology,Phones,6,0.15,7518.58,2590.67
ORD-1553,2023-05-08,2023-05-12,Standard Class,Home Office,West,Technology,Machines,4,0.2,6333.94,734.13
ORD-1554,2023-09-24,2023-09-30,Standard Class,Home Office,East,Office Supplies,Storage,3,0.15,233.74,36.92
ORD-1555,2023-11-16,2023-11-19,Standard Class,Home Office,West,Furniture,Furnishings,7,0.1,2827.85,326.08
ORD-1556,2024-11-06,2024-11-11,Standard Class,Consumer,South,Office Supplies,Binders,8,0.0,744.92,56.19
ORD-1557,2024-03-22,2024-03-26,Same Day,Consumer,East,Technology,Machines,2,0.0,206.6,43.62
ORD-1558,2024-06-29,2024-07-06,Standard Class,Consumer,East,Office Supplies,Binders,6,0.1,50.04,15.39
ORD-1559,2023-10-24,2023-10-30,Standard Class,Consumer,South,Office Supplies,Paper,3,0.15,383.34,130.78
ORD-1560,2023-06-14,2023-06-19,Second Class,Corporate,South,Office Supplies,Binders,1,0.1,109.44,24.7
ORD-1561,2023-02-21,2023-02-24,Standard Class,Corporate,East,Technology,Machines,9,0.1,9505.97,2404.46
ORD-1562,2024-11-06,2024-11-12,Second Class,Consumer,East,Office Supplies,Binders,1,0.0,70.59,18.5
ORD-1563,2024-09-23,2024-09-27,Same Day,Home Office,North,Technology,Machines,1,0.1,1184.39,76.68
ORD-1564,2024-12-30,2025-01-04,Second Class,Corporate,East,Office Supplies,Art,1,0.1,59.75,12.86
ORD-1565,2024-03-23,2024-03-26,Standard Class,Consumer,North,Office Supplies,Paper,9,0.0,447.4,27.25
ORD-1566,2024-01-25,2024-01-27,Standard Class,Consumer,East,Furniture,Chairs,3,0.1,921.86,272.42
ORD-1567,2024-07-01,2024-07-03,Standard Class,Corporate,West,Office Supplies,Paper,9,0.15,727.59,110.16
ORD-1568,2023-05-08,2023-05-15,Standard Class,Corporate,East,Furniture,Furnishings,4,0.2,2126.9,227.29
ORD-1569,2023-02-26,2023-02-28,Standard Class,Consumer,North,Furniture,Tables,6,0.0,1566.42,421.09
ORD-1570,2023-03-06,2023-03-08,First Class,Corporate,North,Technology,Phones,2,0.2,2543.21,340.14
ORD-1571,2023-09-27,2023-10-01,Second Class,Corporate,South,Furniture,Bookcases,6,0.15,2861.86,343.3
ORD-1572,2023-06-12,2023-06-15,Standard Class,Consumer,North,Office Supplies,Paper,3,0.1,45.24,10.54
ORD-1573,2023-04-16,2023-04-18,Standard Class,Consumer,North,Furniture,Bookcases,5,0.0,2229.25,263.49
ORD-1574,2024-07-10,2024-07-14,First Class,Home Office,North,Office Supplies,Paper,7,0.1,121.91,27.72
ORD-1575,2024-01-06,2024-01-11,Standard Class,Corporate,West,Technology,Phones,4,0.0,6930.81,369.44
ORD-1576,2023-07-21,2023-07-25,Standard Class,Consumer,East,Technology,Phones,3,0.3,677.52,49.55
ORD-1577,2023-02-11,2023-02-16,Standard Class,Consumer,North,Technology,Machines,7,0.5,1197.74,-116.57
ORD-1578,2023-06-11,2023-06-18,Standard Class,Consumer,North,Furniture,Chairs,4,0.0,1198.23,376.71
ORD-1579,2024-10-27,2024-10-31,Second Class,Consumer,South,Technology,Accessories,2,0.15,145.71,13.33
ORD-1580,2023-10-04,2023-10-05,Same Day,Home Office,East,Office Supplies,Art,6,0.0,770.0,63.11
ORD-1581,2023-05-13,2023-05-20,Standard Class,Consumer,South,Technology,Copiers,3,0.1,3342.9,957.81
ORD-1582,2024-08-15,2024-08-22,First Class,Consumer,West,Technology,Phones,9,0.1,12590.43,836.18
ORD-1583,2023-12-22,2023-12-28,Standard Class,Consumer,West,Office Supplies,Paper,2,0.0,290.07,59.55
ORD-1584,2024-12-16,2024-12-17,Standard Class,Consumer,North,Technology,Phones,6,0.15,4200.11,410.85
ORD-1585,2023-10-03,2023-10-07,Standard Class,Corporate,West,Furniture,Tables,6,0.0,2028.2,239.38
ORD-1586,2023-12-25,2023-12-26,Second Class,Consumer,East,Office Supplies,Paper,8,0.4,963.71,170.89
ORD-1587,2024-06-21,2024-06-23,Standard Class,Consumer,North,Office Supplies,Binders,5,0.0,216.38,32.15
ORD-1588,2023-10-24,2023-10-26,First Class,Consumer,South,Office Supplies,Paper,6,0.0,309.87,93.77
ORD-1589,2024-11-05,2024-11-07,Standard Class,Home Office,East,Office Supplies,Binders,2,0.1,261.81,31.13
ORD-1590,2023-01-19,2023-01-23,Standard Class,Consumer,East,Technology,Copiers,5,0.0,4476.83,302.03
ORD-1591,2023-10-03,2023-10-06,Same Day,Consumer,East,Office Supplies,Art,5,0.3,294.53,56.95
ORD-1592,2024-10-12,2024-10-17,Second Class,Corporate,East,Office Supplies,Binders,3,0.0,55.68,10.23
ORD-1593,2023-03-18,2023-03-20,First Class,Consumer,North,Office Supplies,Paper,1,0.2,96.43,8.77
ORD-1594,2024-10-14,2024-10-20,Same Day,Consumer,West,Furniture,Tables,5,0.0,691.05,112.32
ORD-1595,2024-07-14,2024-07-17,Standard Class,Corporate,North,Technology,Copiers,7,0.0,4786.72,347.94
ORD-1596,2023-03-05,2023-03-11,Second Class,Consumer,East,Technology,Copiers,2,0.1,228.77,60.93
ORD-1597,2024-07-11,2024-07-12,First Class,Consumer,West,Office Supplies,Storage,1,0.0,128.92,9.67
ORD-1598,2023-10-19,2023-10-21,Second Class,Consumer,North,Office Supplies,Paper,7,0.15,214.47,35.64
ORD-1599,2023-09-28,2023-10-01,Standard Class,Consumer,West,Furniture,Tables,7,0.0,5158.73,314.31
ORD-1600,2023-01-13,2023-01-17,First Class,Corporate,South,Technology,Phones,4,0.1,4293.82,410.78
ORD-1601,2024-10-01,2024-10-02,First Class,Consumer,South,Office Supplies,Binders,4,0.0,598.15,135.93
ORD-1602,2023-01-11,2023-01-12,First Class,Corporate,South,Technology,Phones,5,0.1,4041.25,1329.41
ORD-1603,2023-10-06,2023-10-07,Second Class,Consumer,North,Furniture,Chairs,8,0.1,3098.88,469.0
ORD-1604,2023-03-13,2023-03-15,Standard Class,Consumer,South,Technology,Machines,1,0.0,931.46,303.98
ORD-1605,2023-12-12,2023-12-13,Standard Class,Consumer,South,Office Supplies,Art,6,0.0,45.97,3.48
ORD-1606,2024-08-07,2024-08-11,Second Class,Consumer,East,Office Supplies,Storage,1,0.5,9.63,-0.52
ORD-1607,2024-01-10,2024-01-12,Standard Class,Consumer,South,Office Supplies,Storage,7,0.0,457.15,117.27
ORD-1608,2024-12-25,2024-12-29,Second Class,Consumer,East,Office Supplies,Storage,6,0.3,745.74,39.53
ORD-1609,2023-08-10,2023-08-11,First Class,Consumer,South,Office Supplies,Paper,7,0.1,579.51,157.37
ORD-1610,2023-11-09,2023-11-14,Second Class,Corporate,East,Office Supplies,Binders,9,0.2,743.52,205.32
ORD-1611,2024-05-24,2024-05-29,Same Day,Consumer,South,Office Supplies,Storage,6,0.0,265.2,59.48
ORD-1612,2024-06-21,2024-06-23,Second Class,Corporate,East,Office Supplies,Binders,3,0.1,333.64,91.72
ORD-1613,2023-07-30,2023-08-01,Standard Class,Consumer,West,Office Supplies,Paper,4,0.0,257.55,84.13
ORD-1614,2023-04-21,2023-04-23,Standard Class,Home Office,North,Office Supplies,Paper,3,0.1,334.2,29.85
ORD-1615,2023-09-28,2023-10-04,Standard Class,Home Office,West,Office Supplies,Paper,7,0.2,312.78,55.08
ORD-1616,2024-04-16,2024-04-18,First Class,Home Office,South,Office Supplies,Art,7,0.4,126.74,22.03
ORD-1617,2024-09-13,2024-09-18,First Class,Consumer,South,Office Supplies,Paper,1,0.1,84.95,5.42
ORD-1618,2023-11-25,2023-11-28,Standard Class,Corporate,North,Office Supplies,Storage,7,0.15,971.84,251.34
ORD-1619,2023-06-14,2023-06-20,First Class,Consumer,South,Office Supplies,Storage,6,0.15,788.33,132.82
ORD-1620,2023-12-03,2023-12-07,Standard Class,Consumer,West,Technology,Phones,8,0.2,381.28,28.18
ORD-1621,2024-10-01,2024-10-08,Standard Class,Corporate,West,Furniture,Furnishings,1,0.5,358.15,17.09
ORD-1622,2023-01-25,2023-01-27,Standard Class,Consumer,South,Technology,Phones,1,0.0,1709.74,578.85
ORD-1623,2024-08-23,2024-08-24,Second Class,Home Office,North,Furniture,Tables,1,0.1,342.61,45.37
ORD-1624,2024-07-14,2024-07-18,First Class,Consumer,South,Office Supplies,Storage,7,0.0,1016.37,254.65
ORD-1625,2024-12-04,2024-12-10,Standard Class,Home Office,East,Furniture,Furnishings,3,0.0,1520.86,173.94
ORD-1626,2024-11-28,2024-12-05,Standard Class,Corporate,South,Office Supplies,Art,7,0.4,102.89,-5.3
ORD-1627,2024-04-17,2024-04-24,Standard Class,Corporate,South,Office Supplies,Paper,6,0.15,251.13,71.12
ORD-1628,2024-07-02,2024-07-08,Standard Class,Home Office,South,Office Supplies,Art,7,0.3,194.49,27.49
ORD-1629,2024-03-24,2024-03-28,Standard Class,Corporate,North,Technology,Phones,2,0.1,455.85,63.55
ORD-1630,2024-09-29,2024-10-01,Standard Class,Corporate,South,Office Supplies,Art,8,0.2,134.89,40.79
ORD-1631,2023-06-27,2023-06-29,Standard Class,Consumer,North,Furniture,Furnishings,5,0.0,3331.56,328.99
ORD-1632,2023-05-03,2023-05-05,Standard Class,Corporate,East,Furniture,Tables,4,0.1,1761.5,263.91
ORD-1633,2024-07-22,2024-07-23,First Class,Consumer,South,Office Supplies,Binders,1,0.0,83.79,22.14
ORD-1634,2023-08-20,2023-08-27,Second Class,Consumer,East,Office Supplies,Binders,8,0.2,838.2,96.26
ORD-1635,2024-05-15,2024-05-17,First Class,Corporate,South,Furniture,Bookcases,4,0.1,250.54,69.17
ORD-1636,2024-02-21,2024-02-27,Second Class,Consumer,East,Technology,Phones,3,0.15,2335.0,465.07
ORD-1637,2024-06-24,2024-07-01,Standard Class,Consumer,South,Technology,Copiers,1,0.1,1599.7,481.49
ORD-1638,2023-02-24,2023-02-27,Standard Class,Consumer,East,Office Supplies,Binders,4,0.15,341.78,18.4
ORD-1639,2024-04-23,2024-04-28,Standard Class,Corporate,North,Office Supplies,Paper,8,0.5,280.13,8.34
ORD-1640,2023-11-23,2023-11-30,Standard Class,Consumer,North,Office Supplies,Paper,8,0.1,605.47,122.25
ORD-1641,2023-05-01,2023-05-06,Standard Class,Consumer,East,Furniture,Chairs,5,0.1,2762.65,935.1
ORD-1642,2023-08-06,2023-08-13,First Class,Consumer,North,Office Supplies,Paper,3,0.5,149.33,19.31
ORD-1643,2024-01-22,2024-01-24,Standard Class,Consumer,East,Office Supplies,Binders,1,0.3,114.85,16.12
ORD-1644,2023-06-16,2023-06-20,Standard Class,Consumer,West,Technology,Phones,6,0.1,1990.16,241.86
ORD-1645,2024-12-08,2024-12-14,Second Class,Consumer,East,Furniture,Tables,1,0.1,436.96,52.4
ORD-1646,2024-10-01,2024-10-03,Second Class,Consumer,West,Furniture,Chairs,9,0.3,3933.3,-230.85
ORD-1647,2023-01-19,2023-01-23,Standard Class,Consumer,North,Furniture,Tables,4,0.2,932.38,150.42
ORD-1648,2023-10-05,2023-10-06,Standard Class,Corporate,East,Technology,Copiers,6,0.4,949.39,-90.81
ORD-1649,2024-08-14,2024-08-16,Standard Class,Consumer,West,Technology,Accessories,2,0.2,2291.78,329.47
ORD-1650,2024-09-14,2024-09-16,Standard Class,Corporate,West,Technology,Machines,9,0.3,2972.74,213.63
ORD-1651,2024-06-24,2024-06-28,Second Class,Consumer,East,Technology,Phones,6,0.15,3768.93,1194.4
ORD-1652,2024-05-03,2024-05-05,Standard Class,Consumer,West,Technology,Copiers,7,0.0,11164.08,2645.82
ORD-1653,2024-07-19,2024-07-21,Standard Class,Consumer,North,Office Supplies,Paper,1,0.0,97.83,22.26
ORD-1654,2023-06-27,2023-07-02,First Class,Corporate,West,Office Supplies,Art,7,0.2,671.56,203.18
ORD-1655,2023-03-10,2023-03-11,Second Class,Corporate,North,Office Supplies,Storage,8,0.1,423.99,87.04
ORD-1656,2023-06-03,2023-06-05,Same Day,Consumer,East,Technology,Phones,3,0.0,3066.51,859.93
ORD-1657,2023-11-27,2023-11-30,Second Class,Corporate,North,Office Supplies,Binders,1,0.15,126.98,22.14
ORD-1658,2023-03-31,2023-04-04,Second Class,Corporate,South,Technology,Phones,6,0.2,588.53,124.31
ORD-1659,2023-08-11,2023-08-12,Second Class,Consumer,South,Office Supplies,Art,2,0.1,50.37,17.41
ORD-1660,2023-11-02,2023-11-06,Same Day,Corporate,West,Furniture,Tables,3,0.1,308.52,64.25
ORD-1661,2024-03-31,2024-04-01,Standard Class,Corporate,West,Furniture,Tables,5,0.0,3353.31,978.35
ORD-1662,2023-06-28,2023-06-30,Same Day,Consumer,East,Furniture,Furnishings,6,0.0,1008.27,276.78
ORD-1663,2024-04-14,2024-04-15,Standard Class,Consumer,West,Technology,Copiers,7,0.15,10473.46,1411.43
ORD-1664,2024-07-20,2024-07-23,First Class,Consumer,South,Technology,Accessories,3,0.15,1295.44,356.09
ORD-1665,2024-11-15,2024-11-20,Standard Class,Home Office,West,Office Supplies,Art,6,0.1,441.95,112.11
ORD-1666,2024-01-16,2024-01-20,Standard Class,Corporate,West,Office Supplies,Storage,1,0.0,28.86,2.51
ORD-1667,2024-02-29,2024-03-02,Standard Class,Home Office,North,Furniture,Chairs,7,0.0,3397.96,275.3
ORD-1668,2023-08-13,2023-08-14,Second Class,Corporate,South,Office Supplies,Art,2,0.1,187.21,50.22
ORD-1669,2023-09-02,2023-09-05,Standard Class,Consumer,West,Technology,Phones,6,0.3,8047.1,-181.17
ORD-1670,2023-01-01,2023-01-04,Standard Class,Consumer,East,Office Supplies,Binders,8,0.3,806.98,92.29
ORD-1671,2023-11-03,2023-11-09,Second Class,Consumer,North,Furniture,Furnishings,5,0.1,1309.84,226.81
ORD-1672,2023-08-20,2023-08-21,Standard Class,Consumer,West,Office Supplies,Storage,2,0.0,101.75,16.01
ORD-1673,2023-05-15,2023-05-17,Second Class,Consumer,West,Furniture,Chairs,6,0.15,4537.37,287.81
ORD-1674,2023-06-15,2023-06-17,Standard Class,Corporate,North,Office Supplies,Art,5,0.1,294.15,27.99
ORD-1675,2023-06-12,2023-06-16,Standard Class,Corporate,East,Office Supplies,Storage,3,0.2,375.95,104.4
ORD-1676,2023-05-07,2023-05-11,Standard Class,Corporate,South,Office Supplies,Art,3,0.1,386.14,98.05
ORD-1677,2024-07-14,2024-07-15,Standard Class,Corporate,East,Furniture,Bookcases,7,0.4,2626.9,-83.54
ORD-1678,2024-10-02,2024-10-04,Second Class,Consumer,West,Technology,Phones,1,0.0,115.37,23.41
ORD-1679,2023-01-29,2023-02-03,Second Class,Corporate,North,Office Supplies,Storage,7,0.15,174.08,26.76
ORD-1680,2024-10-20,2024-10-27,Standard Class,Home Office,South,Office Supplies,Paper,7,0.15,839.49,107.77
ORD-1681,2024-02-27,2024-03-02,Standard Class,Consumer,West,Furniture,Bookcases,3,0.0,1239.25,69.0
ORD-1682,2023-05-02,2023-05-05,Second Class,Corporate,West,Office Supplies,Binders,8,0.0,272.39,53.07
ORD-1683,2023-09-26,2023-10-03,Second Class,Home Office,West,Office Supplies,Art,9,0.5,342.2,13.08
ORD-1684,2024-03-10,2024-03-14,Second Class,Corporate,South,Technology,Phones,8,0.0,8358.61,2476.85
ORD-1685,2024-05-28,2024-06-04,Standard Class,Home Office,South,Technology,Copiers,6,0.15,3299.65,616.7
ORD-1686,2023-01-21,2023-01-23,Standard Class,Corporate,North,Technology,Copiers,8,0.3,499.96,-26.08
ORD-1687,2024-04-10,2024-04-13,First Class,Home Office,South,Furniture,Bookcases,7,0.5,1701.72,-118.3
ORD-1688,2023-04-24,2023-04-26,Standard Class,Home Office,East,Office Supplies,Paper,3,0.0,324.28,109.63
ORD-1689,2023-01-12,2023-01-19,Second Class,Consumer,West,Office Supplies,Paper,4,0.4,456.58,-26.97
ORD-1690,2023-04-15,2023-04-17,Standard Class,Consumer,North,Office Supplies,Binders,7,0.0,761.17,164.83
ORD-1691,2023-02-11,2023-02-16,Standard Class,Consumer,West,Office Supplies,Art,6,0.0,604.83,190.69
ORD-1692,2023-03-18,2023-03-22,Same Day,Consumer,East,Technology,Machines,4,0.3,904.75,204.91
ORD-1693,2024-02-02,2024-02-03,Standard Class,Home Office,South,Technology,Machines,6,0.5,6366.6,312.02
ORD-1694,2023-10-05,2023-10-09,Second Class,Home Office,South,Technology,Copiers,7,0.15,8279.55,1117.65
ORD-1695,2024-02-18,2024-02-23,First Class,Consumer,South,Technology,Copiers,6,0.0,4222.86,713.13
ORD-1696,2023-09-22,2023-09-27,Standard Class,Consumer,North,Office Supplies,Paper,6,0.0,509.49,166.26
ORD-1697,2024-01-02,2024-01-03,Same Day,Consumer,South,Office Supplies,Art,4,0.0,125.13,31.7
ORD-1698,2023-02-28,2023-03-05,Standard Class,Consumer,North,Office Supplies,Binders,3,0.5,32.08,1.15
ORD-1699,2024-06-23,2024-06-25,Standard Class,Corporate,South,Furniture,Bookcases,9,0.3,2115.04,38.95
ORD-1700,2023-08-23,2023-08-26,Standard Class,Consumer,South,Office Supplies,Art,6,0.1,468.06,70.44
ORD-1701,2024-12-30,2024-12-31,Second Class,Consumer,North,Technology,Phones,2,0.0,1525.92,262.27
ORD-1702,2023-12-12,2023-12-18,Standard Class,Consumer,North,Technology,Phones,1,0.1,75.39,6.17
ORD-1703,2024-12-23,2024-12-25,Standard Class,Home Office,West,Technology,Phones,3,0.15,1897.54,650.16
ORD-1704,2023-03-27,2023-03-30,Standard Class,Corporate,North,Furniture,Chairs,5,0.0,766.35,49.62
ORD-1705,2023-08-15,2023-08-16,Standard Class,Consumer,North,Office Supplies,Paper,3,0.2,102.48,33.45
ORD-1706,2024-05-22,2024-05-28,Standard Class,Home Office,South,Office Supplies,Binders,5,0.0,119.27,12.53
ORD-1707,2024-07-23,2024-07-27,Second Class,Corporate,South,Technology,Machines,7,0.0,1118.35,353.07
ORD-1708,2024-11-18,2024-11-20,Standard Class,Corporate,North,Office Supplies,Binders,6,0.15,49.54,15.07
ORD-1709,2024-12-16,2024-12-21,Standard Class,Consumer,South,Furniture,Bookcases,3,0.5,1833.48,109.06
ORD-1710,2023-06-27,2023-06-28,Standard Class,Corporate,South,Office Supplies,Paper,3,0.2,96.34,27.75
ORD-1711,2023-12-09,2023-12-11,Standard Class,Corporate,West,Office Supplies,Paper,4,0.0,522.83,135.34
ORD-1712,2023-03-13,2023-03-14,Second Class,Corporate,North,Furniture,Bookcases,6,0.1,3080.19,271.1
ORD-1713,2023-06-19,2023-06-21,Standard Class,Consumer,North,Office Supplies,Art,7,0.0,868.9,272.79
ORD-1714,2024-01-03,2024-01-10,First Class,Corporate,East,Technology,Accessories,6,0.0,6058.21,1924.37
ORD-1715,2023-06-06,2023-06-12,Standard Class,Consumer,North,Technology,Copiers,6,0.5,7070.22,769.89
ORD-1716,2024-08-05,2024-08-11,Second Class,Consumer,South,Office Supplies,Storage,8,0.15,468.17,82.88
ORD-1717,2024-06-13,2024-06-18,Second Class,Home Office,South,Office Supplies,Art,3,0.5,272.72,21.82
ORD-1718,2023-10-07,2023-10-10,Second Class,Corporate,East,Furniture,Furnishings,5,0.0,2189.63,667.83
ORD-1719,2024-01-16,2024-01-18,Standard Class,Consumer,North,Technology,Accessories,3,0.5,2128.87,173.98
ORD-1720,2024-12-31,2025-01-04,First Class,Corporate,West,Technology,Copiers,6,0.0,2963.25,423.09
ORD-1721,2023-02-20,2023-02-23,Second Class,Consumer,West,Office Supplies,Binders,3,0.0,130.82,35.1
ORD-1722,2024-12-24,2024-12-31,Standard Class,Corporate,South,Technology,Phones,8,0.0,8311.01,1018.83
ORD-1723,2023-03-23,2023-03-30,Same Day,Consumer,West,Office Supplies,Storage,1,0.0,98.21,26.8
ORD-1724,2024-11-15,2024-11-22,Standard Class,Home Office,East,Office Supplies,Paper,6,0.0,482.56,27.39
ORD-1725,2023-01-12,2023-01-16,Standard Class,Corporate,South,Technology,Phones,9,0.1,6424.38,931.22
ORD-1726,2023-12-13,2023-12-17,Standard Class,Consumer,South,Technology,Phones,1,0.5,739.62,109.68
ORD-1727,2023-10-04,2023-10-05,Second Class,Corporate,South,Office Supplies,Art,6,0.0,608.65,139.29
ORD-1728,2024-02-10,2024-02-15,Second Class,Corporate,West,Technology,Machines,2,0.0,3445.72,540.78
ORD-1729,2024-04-05,2024-04-08,Standard Class,Consumer,North,Technology,Phones,5,0.15,6767.96,2185.15
ORD-1730,2024-07-08,2024-07-09,First Class,Consumer,North,Furniture,Furnishings,5,0.0,2277.2,700.92
ORD-1731,2023-08-20,2023-08-27,Standard Class,Consumer,North,Technology,Machines,1,0.1,203.03,34.86
ORD-1732,2024-04-08,2024-04-15,Standard Class,Home Office,North,Office Supplies,Storage,7,0.0,700.99,137.64
ORD-1733,2024-10-06,2024-10-09,Standard Class,Consumer,South,Technology,Phones,5,0.0,861.29,132.08
ORD-1734,2023-07-31,2023-08-04,Standard Class,Consumer,South,Technology,Phones,9,0.1,12291.49,3087.92
ORD-1735,2024-12-23,2024-12-27,Standard Class,Corporate,South,Office Supplies,Storage,1,0.15,13.95,2.45
ORD-1736,2024-02-19,2024-02-21,Second Class,Consumer,West,Furniture,Furnishings,9,0.1,1106.93,357.88
ORD-1737,2024-10-02,2024-10-04,First Class,Home Office,South,Furniture,Furnishings,9,0.5,3745.78,153.31
ORD-1738,2024-07-25,2024-07-27,Second Class,Consumer,East,Office Supplies,Paper,3,0.3,101.33,17.24
ORD-1739,2024-01-29,2024-02-01,Standard Class,Consumer,East,Office Supplies,Storage,8,0.1,661.59,51.17
ORD-1740,2024-07-25,2024-07-27,Standard Class,Home Office,South,Furniture,Bookcases,4,0.0,616.65,59.65
ORD-1741,2023-04-19,2023-04-21,Same Day,Home Office,North,Office Supplies,Storage,7,0.0,48.27,14.15
ORD-1742,2024-06-23,2024-06-25,Standard Class,Consumer,South,Office Supplies,Paper,3,0.0,273.36,14.43
ORD-1743,2023-11-29,2023-12-02,Standard Class,Corporate,South,Office Supplies,Paper,1,0.1,48.37,11.97
ORD-1744,2023-05-10,2023-05-13,Second Class,Home Office,South,Furniture,Tables,6,0.0,2734.71,331.38
ORD-1745,2023-08-02,2023-08-06,Standard Class,Corporate,North,Technology,Machines,5,0.2,6134.13,1864.58
ORD-1746,2024-06-28,2024-07-02,Second Class,Home Office,East,Technology,Phones,3,0.1,4945.7,565.9
ORD-1747,2024-10-25,2024-10-27,Standard Class,Home Office,South,Furniture,Furnishings,2,0.0,1762.07,135.59
ORD-1748,2024-12-25,2025-01-01,Second Class,Consumer,East,Office Supplies,Paper,5,0.0,472.66,37.96
ORD-1749,2024-05-28,2024-06-01,Standard Class,Home Office,South,Office Supplies,Paper,6,0.1,354.04,19.78
ORD-1750,2024-06-16,2024-06-22,Standard Class,Corporate,North,Technology,Accessories,5,0.3,4511.86,348.02
ORD-1751,2023-12-08,2023-12-12,Standard Class,Home Office,North,Technology,Copiers,4,0.0,1201.57,119.04
ORD-1752,2024-06-24,2024-06-27,Standard Class,Corporate,North,Furniture,Tables,6,0.15,3559.89,558.6
ORD-1753,2023-01-20,2023-01-22,First Class,Consumer,North,Office Supplies,Paper,8,0.3,543.92,29.62
ORD-1754,2023-05-13,2023-05-14,Standard Class,Corporate,South,Furniture,Chairs,4,0.15,346.39,54.44
ORD-1755,2023-06-09,2023-06-12,Standard Class,Consumer,South,Office Supplies,Paper,6,0.3,266.26,27.96
ORD-1756,2024-03-10,2024-03-14,Standard Class,Home Office,East,Furniture,Tables,1,0.1,468.1,65.39
ORD-1757,2023-12-22,2023-12-28,Same Day,Corporate,South,Furniture,Furnishings,5,0.1,2968.42,590.7
ORD-1758,2024-10-18,2024-10-19,Standard Class,Consumer,West,Office Supplies,Art,8,0.2,715.86,212.79
ORD-1759,2024-06-09,2024-06-14,Second Class,Corporate,North,Office Supplies,Binders,7,0.4,231.11,-17.62
ORD-1760,2023-11-11,2023-11-18,Same Day,Home Office,North,Office Supplies,Binders,8,0.2,1034.4,268.36
ORD-1761,2024-02-03,2024-02-07,First Class,Consumer,South,Office Supplies,Paper,8,0.15,701.29,50.86
ORD-1762,2023-11-07,2023-11-11,Standard Class,Consumer,North,Technology,Machines,9,0.0,11276.15,2012.08
ORD-1763,2023-12-26,2024-01-01,Standard Class,Consumer,West,Furniture,Tables,9,0.0,6808.61,1597.06
ORD-1764,2023-09-29,2023-09-30,First Class,Corporate,South,Office Supplies,Storage,7,0.0,144.91,36.27
ORD-1765,2023-11-02,2023-11-08,Standard Class,Consumer,East,Furniture,Furnishings,6,0.3,2448.17,24.11
ORD-1766,2023-06-28,2023-07-04,Standard Class,Corporate,West,Technology,Accessories,5,0.3,4724.87,-293.03
ORD-1767,2024-08-20,2024-08-25,Standard Class,Consumer,South,Office Supplies,Paper,1,0.15,6.39,1.73
ORD-1768,2024-11-08,2024-11-14,Standard Class,Corporate,South,Furniture,Chairs,6,0.15,1620.81,262.18
ORD-1769,2023-06-22,2023-06-25,Standard Class,Corporate,East,Technology,Accessories,2,0.1,3297.16,618.54
ORD-1770,2024-11-21,2024-11-26,Standard Class,Corporate,North,Office Supplies,Storage,5,0.0,103.25,12.93
ORD-1771,2024-01-04,2024-01-05,Second Class,Consumer,West,Office Supplies,Art,1,0.0,89.03,5.85
ORD-1772,2023-09-26,2023-10-02,Standard Class,Corporate,South,Furniture,Chairs,4,0.0,2537.88,521.01
ORD-1773,2023-02-26,2023-02-28,Standard Class,Consumer,North,Furniture,Bookcases,4,0.1,1150.3,192.71
ORD-1774,2023-09-03,2023-09-04,Standard Class,Consumer,East,Office Supplies,Binders,3,0.1,122.92,25.23
ORD-1775,2024-04-20,2024-04-24,Standard Class,Corporate,West,Technology,Copiers,2,0.4,3015.83,311.65
ORD-1776,2023-02-15,2023-02-22,Standard Class,Corporate,East,Technology,Copiers,9,0.3,4041.33,39.89
ORD-1777,2024-02-17,2024-02-22,First Class,Corporate,South,Office Supplies,Art,7,0.2,722.34,208.33
ORD-1778,2023-08-15,2023-08-16,Same Day,Consumer,North,Technology,Phones,2,0.0,1615.41,372.23
ORD-1779,2023-12-26,2024-01-02,Same Day,Consumer,South,Office Supplies,Binders,3,0.0,265.74,28.3
ORD-1780,2024-05-28,2024-05-29,Same Day,Corporate,East,Office Supplies,Binders,1,0.15,79.56,17.4
ORD-1781,2023-10-27,2023-10-30,Standard Class,Home Office,East,Office Supplies,Storage,8,0.4,948.88,-33.21
ORD-1782,2023-03-09,2023-03-14,Second Class,Corporate,East,Office Supplies,Paper,2,0.4,91.2,4.58
ORD-1783,2024-08-03,2024-08-05,Standard Class,Consumer,North,Technology,Machines,2,0.0,2845.77,565.8
ORD-1784,2023-06-22,2023-06-26,Standard Class,Consumer,South,Technology,Phones,8,0.0,13466.35,2679.33
ORD-1785,2023-02-11,2023-02-12,Standard Class,Consumer,North,Office Supplies,Binders,5,0.15,45.95,9.82
ORD-1786,2023-11-03,2023-11-08,Standard Class,Consumer,South,Office Supplies,Storage,5,0.0,358.13,123.65
ORD-1787,2024-05-26,2024-06-02,First Class,Home Office,North,Office Supplies,Paper,3,0.1,326.28,56.76
ORD-1788,2023-05-23,2023-05-30,Standard Class,Home Office,South,Technology,Accessories,6,0.4,7581.22,1308.5
ORD-1789,2024-02-01,2024-02-04,Same Day,Corporate,East,Office Supplies,Paper,3,0.1,68.35,9.39
ORD-1790,2024-11-24,2024-11-27,,Consumer,West,Office Supplies,Paper,7,0.1,130.96,35.4
ORD-1791,2024-09-10,2024-09-16,Standard Class,Corporate,East,Office Supplies,Storage,5,0.0,531.51,98.01
ORD-1792,2024-09-28,2024-10-04,Second Class,Consumer,South,Office Supplies,Storage,3,0.2,138.47,21.75
ORD-1793,2024-06-22,2024-06-23,Second Class,Corporate,South,Office Supplies,Binders,5,0.5,520.86,-28.41
ORD-1794,2023-02-19,2023-02-21,Second Class,Consumer,East,Technology,Copiers,4,0.0,3988.32,699.51
ORD-1795,2024-07-03,2024-07-08,Second Class,Home Office,East,Furniture,Tables,2,0.1,1109.32,238.12
ORD-1796,2024-04-10,2024-04-11,Standard Class,Corporate,North,Technology,Phones,1,0.1,93.29,28.36
ORD-1797,2024-08-06,2024-08-11,Standard Class,Corporate,South,Technology,Accessories,1,0.1,642.39,139.13
ORD-1798,2024-11-23,2024-11-26,Standard Class,Consumer,West,Office Supplies,Storage,3,0.0,232.01,77.19
ORD-1799,2024-08-04,2024-08-07,Standard Class,Consumer,South,Office Supplies,Art,5,0.0,409.33,98.16
ORD-1800,2023-04-27,2023-05-03,First Class,Corporate,North,Office Supplies,Art,4,0.3,220.3,6.04
ORD-1801,2023-09-03,2023-09-06,Standard Class,Home Office,South,Office Supplies,Storage,6,0.3,433.61,58.98
ORD-1802,2024-12-23,2024-12-24,First Class,Consumer,North,Furniture,Furnishings,7,0.0,5177.11,336.61
ORD-1803,2023-07-23,2023-07-30,Standard Class,Home Office,South,Office Supplies,Paper,7,0.1,209.46,44.08
ORD-1804,2024-06-02,2024-06-05,Same Day,Home Office,East,Office Supplies,Binders,9,0.2,934.09,197.92
ORD-1805,2024-05-30,2024-06-06,Standard Class,Home Office,South,Office Supplies,Storage,1,0.1,6.62,0.73
ORD-1806,2023-08-18,2023-08-22,Standard Class,Consumer,South,Office Supplies,Binders,6,0.3,535.09,-36.15
ORD-1807,2023-11-08,2023-11-15,First Class,Home Office,East,Office Supplies,Binders,2,0.0,254.82,83.43
ORD-1808,2024-03-02,2024-03-03,Second Class,Consumer,East,Technology,Copiers,6,0.0,7809.99,947.0
ORD-1809,2023-10-06,2023-10-12,Standard Class,Corporate,North,Furniture,Chairs,6,0.0,1120.62,119.55
ORD-1810,2023-09-10,2023-09-14,Standard Class,Corporate,East,Technology,Machines,4,0.1,5189.01,662.14
ORD-1811,2023-01-30,2023-02-02,Standard Class,Consumer,East,Office Supplies,Binders,6,0.15,763.12,185.94
ORD-1812,2023-09-20,2023-09-23,Standard Class,Consumer,South,Office Supplies,Paper,7,0.0,851.39,43.26
ORD-1813,2024-05-14,2024-05-19,Standard Class,Corporate,North,Office Supplies,Art,6,0.1,511.68,172.34
ORD-1814,2024-02-09,2024-02-14,Standard Class,Home Office,South,Technology,Accessories,6,0.15,6393.24,437.89
ORD-1815,2024-11-13,2024-11-18,Standard Class,Corporate,South,Office Supplies,Binders,4,0.0,437.79,102.06
ORD-1816,2023-12-25,2023-12-28,Standard Class,Home Office,South,Office Supplies,Binders,4,0.1,553.35,167.89
ORD-1817,2023-10-16,2023-10-19,Second Class,Consumer,East,Office Supplies,Binders,2,0.0,110.33,18.56
ORD-1818,2024-01-10,2024-01-16,Same Day,Consumer,North,Technology,Machines,1,0.0,1179.24,237.53
ORD-1819,2023-05-13,2023-05-15,Standard Class,Corporate,East,Technology,Copiers,4,0.1,266.6,79.29
ORD-1820,2023-04-24,2023-04-25,Standard Class,Corporate,South,Furniture,Bookcases,3,0.0,1976.8,261.49
ORD-1821,2023-05-14,2023-05-17,Standard Class,Consumer,South,Furniture,Tables,2,0.0,978.04,265.73
ORD-1822,2023-08-25,2023-09-01,Standard Class,Consumer,North,Office Supplies,Paper,6,0.0,482.4,118.72
ORD-1823,2024-01-24,2024-01-31,First Class,Consumer,West,Office Supplies,Paper,1,0.3,57.89,8.22
ORD-1824,2023-03-03,2023-03-09,Standard Class,Consumer,South,Technology,Copiers,3,0.3,1982.73,115.28
ORD-1825,2023-12-03,2023-12-06,Standard Class,Corporate,West,Technology,Copiers,3,0.4,1051.0,74.52
ORD-1826,2023-06-27,2023-06-30,Standard Class,Consumer,North,Office Supplies,Paper,7,0.0,457.59,95.9
ORD-1827,2023-12-19,2023-12-23,Standard Class,Home Office,South,Furniture,Chairs,6,0.15,4685.89,592.77
ORD-1828,2024-05-21,2024-05-24,Standard Class,Consumer,South,Office Supplies,Paper,6,0.15,354.92,59.05
ORD-1829,2024-04-14,2024-04-19,Standard Class,Consumer,North,Furniture,Furnishings,9,0.4,2663.44,-276.48
ORD-1830,2023-01-03,2023-01-05,First Class,Consumer,North,Office Supplies,Storage,2,0.2,128.98,14.46
ORD-1831,2024-11-21,2024-11-25,Standard Class,Consumer,East,Office Supplies,Art,6,0.5,522.36,69.21
ORD-1832,2023-08-26,2023-08-28,Standard Class,Home Office,North,Furniture,Tables,5,0.2,1175.94,84.76
ORD-1833,2024-01-30,2024-02-03,Standard Class,Corporate,East,Office Supplies,Paper,6,0.0,323.03,60.49
ORD-1834,2023-03-16,2023-03-19,Second Class,Corporate,West,Office Supplies,Binders,8,0.1,59.45,11.13
ORD-1835,2023-08-05,2023-08-10,Second Class,Corporate,South,Office Supplies,Paper,2,0.1,246.39,69.12
ORD-1836,2023-07-15,2023-07-21,Second Class,Consumer,South,Furniture,Chairs,7,0.4,5229.71,812.55
ORD-1837,2023-09-24,2023-10-01,First Class,Consumer,South,Technology,Machines,3,0.1,2291.36,468.17
ORD-1838,2024-02-02,2024-02-09,Standard Class,Consumer,South,Office Supplies,Art,4,0.15,538.6,131.49
ORD-1839,2023-09-30,2023-10-01,Standard Class,Consumer,South,Office Supplies,Paper,5,0.1,635.34,209.09
ORD-1840,2023-07-20,2023-07-26,First Class,Corporate,West,Office Supplies,Binders,9,0.0,860.9,256.96
ORD-1841,2024-08-06,2024-08-09,Standard Class,Corporate,South,Technology,Machines,5,0.15,5556.44,608.56
ORD-1842,2024-02-07,2024-02-12,Standard Class,Consumer,East,Office Supplies,Art,5,0.5,174.8,-19.99
ORD-1843,2023-09-26,2023-09-27,First Class,Home Office,East,Office Supplies,Art,1,0.3,43.35,-1.93
ORD-1844,2024-11-25,2024-11-28,Standard Class,Home Office,South,Furniture,Chairs,2,0.15,1035.46,154.93
ORD-1845,2024-05-19,2024-05-20,Standard Class,Corporate,North,Office Supplies,Paper,8,0.2,252.94,28.22
ORD-1846,2023-03-24,2023-03-30,Standard Class,Consumer,South,Office Supplies,Binders,8,0.15,851.77,135.97
ORD-1847,2023-11-21,2023-11-24,Second Class,Consumer,East,Technology,Copiers,2,0.2,3352.85,268.47
ORD-1848,2024-06-23,2024-06-24,Standard Class,Consumer,South,Furniture,Bookcases,9,0.0,7570.36,761.23
ORD-1849,2024-08-18,2024-08-25,Standard Class,Consumer,West,Furniture,Bookcases,2,0.0,563.45,120.0
ORD-1850,2023-04-23,2023-04-24,Second Class,Corporate,East,Office Supplies,Storage,1,0.0,117.58,13.9
ORD-1851,2023-05-31,2023-06-04,Standard Class,Corporate,North,Furniture,Tables,8,0.3,5475.6,-253.68
ORD-1852,2023-12-01,2023-12-06,Standard Class,Consumer,South,Technology,Accessories,8,0.0,3918.31,1067.9
ORD-1853,2024-03-20,2024-03-27,First Class,Corporate,East,Furniture,Chairs,5,0.2,3667.35,303.98
ORD-1854,2023-11-13,2023-11-19,Same Day,Home Office,South,Furniture,Bookcases,2,0.3,1255.94,270.26
ORD-1855,2024-04-15,2024-04-18,Same Day,Consumer,North,Office Supplies,Art,7,0.1,250.55,36.97
ORD-1856,2023-02-11,2023-02-18,Second Class,Consumer,West,Furniture,Chairs,4,0.0,1703.16,552.39
ORD-1857,2024-09-26,2024-09-29,Standard Class,Consumer,West,Furniture,Chairs,2,0.1,1359.73,73.73
ORD-1858,2023-09-03,2023-09-09,Standard Class,Consumer,North,Technology,Accessories,9,0.0,12043.29,2695.46
ORD-1859,2024-02-10,2024-02-11,Second Class,Home Office,North,Technology,Accessories,8,0.1,4346.8,1512.55
ORD-1860,2023-11-17,2023-11-20,Standard Class,Corporate,South,Office Supplies,Storage,4,0.15,438.49,83.2
ORD-1861,2023-10-03,2023-10-07,Same Day,Home Office,North,Office Supplies,Art,2,0.0,221.05,20.88
ORD-1862,2024-10-14,2024-10-20,Same Day,Home Office,West,Technology,Machines,6,0.0,3489.07,722.02
ORD-1863,2024-11-04,2024-11-07,Second Class,Corporate,North,Office Supplies,Paper,6,0.2,434.67,76.08
ORD-1864,2024-04-09,2024-04-16,Same Day,Home Office,South,Office Supplies,Binders,4,0.0,173.99,59.44
ORD-1865,2023-04-08,2023-04-13,Standard Class,Consumer,North,Furniture,Furnishings,1,0.15,467.95,63.39
ORD-1866,2023-01-15,2023-01-18,Second Class,Consumer,East,Office Supplies,Binders,1,0.15,109.22,26.55
ORD-1867,2023-12-29,2024-01-05,Second Class,Home Office,West,Furniture,Tables,9,0.1,5523.82,480.53
ORD-1868,2023-09-17,2023-09-18,Standard Class,Consumer,South,Office Supplies,Art,4,0.2,517.68,147.63
ORD-1869,2024-06-22,2024-06-23,Standard Class,Consumer,West,Office Supplies,Storage,6,0.0,722.16,231.39
ORD-1870,2024-09-02,2024-09-06,Same Day,Consumer,West,Technology,Machines,8,0.1,5067.15,1042.14
ORD-1871,2024-04-01,2024-04-06,Second Class,Corporate,South,Furniture,Chairs,7,0.1,3084.23,385.94
ORD-1872,2024-01-09,2024-01-16,Standard Class,Consumer,North,Technology,Copiers,2,0.3,1747.26,-3.37
ORD-1873,2024-07-08,2024-07-12,Second Class,Consumer,East,Technology,Machines,5,0.5,6542.64,437.51
ORD-1874,2023-08-19,2023-08-26,Second Class,Home Office,South,Office Supplies,Storage,6,0.1,780.87,78.0
ORD-1875,2024-06-24,2024-06-26,Standard Class,Home Office,South,Office Supplies,Binders,2,0.0,168.23,21.62
ORD-1876,2023-06-29,2023-07-04,Same Day,Consumer,North,Technology,Machines,9,0.0,7050.43,1507.59
ORD-1877,2023-04-17,2023-04-21,First Class,Consumer,East,Office Supplies,Binders,1,0.4,6.94,0.89
ORD-1878,2023-12-20,2023-12-24,First Class,Corporate,East,Furniture,Tables,1,0.2,122.73,40.24
ORD-1879,2023-05-28,2023-05-31,Standard Class,Consumer,West,Technology,Accessories,5,0.1,8553.99,533.47
ORD-1880,2024-04-19,2024-04-23,Standard Class,Consumer,South,Office Supplies,Paper,1,0.0,139.2,24.83
ORD-1881,2023-01-23,2023-01-27,First Class,Corporate,East,Furniture,Bookcases,7,0.3,3469.84,130.89
ORD-1882,2024-02-10,2024-02-16,Standard Class,Consumer,West,Technology,Copiers,3,0.0,168.78,54.43
ORD-1883,2024-05-06,2024-05-10,Second Class,Consumer,South,Technology,Copiers,1,0.0,441.12,95.22
ORD-1884,2023-02-18,2023-02-24,Standard Class,Home Office,West,Furniture,Tables,2,0.2,1395.83,312.65
ORD-1885,2024-02-12,2024-02-18,Same Day,Home Office,East,Furniture,Bookcases,9,0.0,6440.74,1683.86
ORD-1886,2024-05-11,2024-05-13,Standard Class,Corporate,West,Furniture,Furnishings,8,0.1,4235.38,615.0
ORD-1887,2023-04-12,2023-04-18,Second Class,Corporate,North,Furniture,Furnishings,6,0.1,630.66,97.03
ORD-1888,2024-09-03,2024-09-09,Standard Class,Home Office,West,Furniture,Bookcases,2,0.1,873.81,257.08
ORD-1889,2024-01-31,2024-02-02,Standard Class,Consumer,East,Technology,Copiers,5,0.3,1363.92,270.02
ORD-1890,2023-01-05,2023-01-12,First Class,Home Office,North,Office Supplies,Art,8,0.1,488.84,49.64
ORD-1891,2023-02-13,2023-02-14,First Class,Consumer,South,Furniture,Tables,9,0.2,4542.91,1297.28
ORD-1892,2024-09-12,2024-09-13,Standard Class,Corporate,South,Technology,Copiers,7,0.1,6712.07,1545.84
ORD-1893,2023-12-16,2023-12-21,First Class,Corporate,East,Technology,Copiers,9,0.15,13808.14,4791.34
ORD-1894,2023-08-02,2023-08-08,Standard Class,Consumer,East,Office Supplies,Paper,2,0.0,230.27,29.83
ORD-1895,2024-04-17,2024-04-23,Standard Class,Corporate,North,Technology,Accessories,6,0.1,3241.98,181.78
ORD-1896,2024-10-10,2024-10-17,Standard Class,Consumer,North,Office Supplies,Binders,7,0.0,991.27,179.23
ORD-1897,2024-05-24,2024-05-31,Standard Class,Corporate,West,Office Supplies,Paper,4,0.2,46.07,12.64
ORD-1898,2024-06-02,2024-06-07,Standard Class,Home Office,North,Furniture,Chairs,3,0.0,2541.52,306.61
ORD-1899,2023-12-23,2023-12-26,Standard Class,Corporate,East,Furniture,Furnishings,6,0.2,3187.52,463.47
ORD-1900,2023-03-01,2023-03-02,Standard Class,Corporate,North,Office Supplies,Storage,9,0.2,1033.39,154.01
ORD-1901,2024-08-03,2024-08-04,Second Class,Home Office,North,Technology,Accessories,2,0.3,494.1,31.44
ORD-1902,2024-08-25,2024-08-30,Same Day,Corporate,West,Furniture,Furnishings,1,0.0,105.47,35.64
ORD-1903,2024-02-25,2024-02-29,Standard Class,Consumer,South,Office Supplies,Art,9,0.0,904.72,88.47
ORD-1904,2024-05-25,2024-05-31,Standard Class,Corporate,North,Office Supplies,Storage,2,0.0,215.91,72.86
ORD-1905,2023-07-05,2023-07-12,Standard Class,Corporate,South,Furniture,Chairs,6,0.0,2334.89,274.26
ORD-1906,2023-11-08,2023-11-14,First Class,Consumer,North,Office Supplies,Art,1,0.15,141.98,27.42
ORD-1907,2024-04-09,2024-04-14,Second Class,Consumer,West,Technology,Machines,6,0.1,5338.23,1243.12
ORD-1908,2023-09-15,2023-09-17,Standard Class,Home Office,North,Furniture,Tables,6,0.2,1879.17,583.72
ORD-1909,2024-02-17,2024-02-24,First Class,Corporate,East,Furniture,Chairs,2,0.0,787.31,123.84
ORD-1910,2023-06-16,2023-06-18,Standard Class,Consumer,East,Technology,Machines,8,0.15,6916.34,1886.34
ORD-1911,2023-04-11,2023-04-16,First Class,Consumer,East,Technology,Phones,1,0.1,1019.25,339.96
ORD-1912,2023-01-28,2023-02-03,Same Day,Consumer,South,Technology,Machines,9,0.15,5221.96,860.11
ORD-1913,2024-11-22,2024-11-26,First Class,Corporate,North,Office Supplies,Paper,9,0.15,953.06,121.72
ORD-1914,2023-04-28,2023-04-29,Standard Class,Consumer,North,Office Supplies,Binders,3,0.2,19.82,4.37
ORD-1915,2023-10-23,2023-10-30,Second Class,Consumer,East,Furniture,Chairs,1,0.3,390.51,8.81
ORD-1916,2024-12-06,2024-12-09,Standard Class,Consumer,South,Technology,Phones,4,0.1,1097.06,109.4
ORD-1917,2024-12-11,2024-12-17,Second Class,Consumer,South,Office Supplies,Storage,9,0.4,796.83,94.52
ORD-1918,2024-02-14,2024-02-20,Standard Class,Consumer,North,Technology,Copiers,8,0.1,7300.27,1180.75
ORD-1919,2024-07-05,2024-07-06,Second Class,Consumer,South,Office Supplies,Binders,8,0.1,937.32,110.06
ORD-1920,2024-11-07,2024-11-12,Standard Class,Corporate,South,Technology,Accessories,9,0.1,13145.67,1688.53
ORD-1921,2023-02-11,2023-02-13,Standard Class,Corporate,North,Office Supplies,Binders,8,0.4,544.21,99.62
ORD-1922,2023-07-11,2023-07-16,Standard Class,Corporate,South,Office Supplies,Binders,6,0.2,516.71,26.17
ORD-1923,2024-09-02,2024-09-08,First Class,Corporate,South,Office Supplies,Binders,3,0.0,432.18,68.38
ORD-1924,2024-04-14,2024-04-16,Standard Class,Corporate,East,Furniture,Bookcases,1,0.0,720.79,109.75
ORD-1925,2023-11-14,2023-11-20,Standard Class,Corporate,North,Technology,Phones,7,0.0,7641.2,1049.76
ORD-1926,2024-09-11,2024-09-17,Standard Class,Corporate,North,Technology,Machines,3,0.0,3181.04,848.3
ORD-1927,2023-07-11,2023-07-15,Standard Class,Home Office,East,Furniture,Bookcases,9,0.0,5812.81,1980.84
ORD-1928,2023-05-07,2023-05-12,Same Day,Corporate,South,Technology,Accessories,4,0.0,4756.15,810.96
ORD-1929,2024-09-25,2024-09-26,Second Class,Consumer,South,Furniture,Furnishings,9,0.3,5135.45,-198.53
ORD-1930,2023-09-18,2023-09-23,Second Class,Corporate,North,Technology,Copiers,8,0.1,1963.52,148.72
ORD-1931,2023-07-29,2023-08-01,Standard Class,Consumer,South,Office Supplies,Art,5,0.0,449.28,83.08
ORD-1932,2023-02-13,2023-02-16,Second Class,Consumer,South,Technology,Machines,3,0.0,3263.19,441.71
ORD-1933,2023-03-07,2023-03-12,First Class,Corporate,South,Technology,Accessories,2,0.0,1159.62,166.66
ORD-1934,2024-12-28,2025-01-04,Standard Class,Consumer,East,Technology,Copiers,7,0.0,11735.47,2879.84
ORD-1935,2023-10-08,2023-10-15,Standard Class,Consumer,South,Office Supplies,Art,2,0.0,89.72,17.43
ORD-1936,2024-10-21,2024-10-22,First Class,Corporate,South,Technology,Phones,7,0.0,2908.89,661.57
ORD-1937,2023-04-16,2023-04-20,Same Day,Consumer,South,Office Supplies,Paper,3,0.4,376.54,69.47
ORD-1938,2024-06-26,2024-06-30,First Class,Consumer,South,Office Supplies,Art,2,0.3,115.6,2.83
ORD-1939,2023-08-31,2023-09-05,Standard Class,Consumer,North,Office Supplies,Paper,6,0.1,107.21,35.8
ORD-1940,2024-04-11,2024-04-12,First Class,Home Office,East,Technology,Copiers,9,0.15,4232.31,592.81
ORD-1941,2023-09-07,2023-09-13,First Class,Consumer,East,Technology,Machines,9,0.0,10130.62,2319.06
ORD-1942,2024-01-06,2024-01-13,Standard Class,Corporate,North,Technology,Machines,7,0.3,902.06,119.81
ORD-1943,2023-06-02,2023-06-05,Standard Class,Consumer,North,Office Supplies,Paper,7,0.2,530.77,33.23
ORD-1944,2024-01-07,2024-01-08,Standard Class,Home Office,North,Office Supplies,Paper,1,0.0,107.49,18.78
ORD-1945,2024-11-14,2024-11-18,Standard Class,Corporate,East,Technology,Accessories,8,0.4,11281.92,319.76
ORD-1946,2024-11-07,2024-11-08,Standard Class,Consumer,East,Furniture,Chairs,4,0.1,2366.34,297.61
ORD-1947,2023-02-03,2023-02-04,Standard Class,Corporate,East,Furniture,Tables,7,0.1,4121.54,864.3
ORD-1948,2023-10-04,2023-10-08,Standard Class,Consumer,West,Technology,Accessories,3,0.0,839.45,138.08
ORD-1949,2023-09-22,2023-09-27,Standard Class,Corporate,East,Office Supplies,Art,3,0.1,305.12,102.95
ORD-1950,2024-09-13,2024-09-18,Standard Class,Consumer,East,Technology,Accessories,3,0.15,1741.01,99.64
ORD-1951,2024-01-05,2024-01-06,Standard Class,Consumer,North,Office Supplies,Binders,5,0.0,660.54,222.58
ORD-1952,2024-12-16,2024-12-19,First Class,Corporate,East,Furniture,Bookcases,6,0.3,2158.22,329.62
ORD-1953,2024-03-01,2024-03-07,First Class,Consumer,West,Office Supplies,Binders,7,0.0,1035.76,115.32
ORD-1954,2023-03-19,2023-03-24,First Class,Consumer,East,Furniture,Chairs,2,0.0,1555.17,367.67
ORD-1955,2024-03-28,2024-03-31,Standard Class,Corporate,East,Furniture,Furnishings,8,0.1,2582.45,578.73
ORD-1956,2024-12-25,2024-12-28,Standard Class,Corporate,North,Furniture,Bookcases,6,0.0,2067.26,211.71
ORD-1957,2023-11-30,2023-12-03,Second Class,Corporate,South,Office Supplies,Storage,6,0.15,103.98,28.42
ORD-1958,2024-03-21,2024-03-25,Standard Class,Consumer,North,Furniture,Furnishings,2,0.0,1523.21,254.21
ORD-1959,2023-10-13,2023-10-14,Standard Class,Consumer,East,Technology,Machines,4,0.0,7185.73,952.23
ORD-1960,2024-12-04,2024-12-11,Standard Class,Corporate,South,Furniture,Furnishings,7,0.4,2653.0,37.27
ORD-1961,2024-03-17,2024-03-22,First Class,Consumer,West,Furniture,Bookcases,3,0.0,1716.43,323.41
ORD-1962,2023-09-24,2023-09-30,Second Class,Corporate,North,Office Supplies,Storage,6,0.1,593.13,92.14
ORD-1963,2024-12-02,2024-12-08,Second Class,Home Office,West,Office Supplies,Storage,9,0.1,1183.75,377.31
ORD-1964,2024-08-03,2024-08-09,Standard Class,Consumer,South,Office Supplies,Art,5,0.4,154.74,-4.74
ORD-1965,2023-08-27,2023-09-01,First Class,Consumer,South,Office Supplies,Art,7,0.2,75.08,9.67
ORD-1966,2023-10-29,2023-11-02,Same Day,Consumer,West,Office Supplies,Art,6,0.4,363.53,11.82
ORD-1967,2024-10-24,2024-10-29,Standard Class,Consumer,South,Office Supplies,Binders,8,0.0,175.02,9.96
ORD-1968,2024-10-21,2024-10-22,First Class,Consumer,West,Furniture,Bookcases,8,0.3,4941.78,738.12
ORD-1969,2023-11-04,2023-11-11,Second Class,Corporate,South,Office Supplies,Art,2,0.15,22.48,2.12
ORD-1970,2024-06-12,2024-06-18,First Class,Consumer,South,Technology,Phones,8,0.0,8321.45,1889.75
ORD-1971,2023-06-04,2023-06-06,Standard Class,Home Office,West,Office Supplies,Art,5,0.15,679.08,181.54
ORD-1972,2024-03-01,2024-03-02,Standard Class,Corporate,West,Office Supplies,Storage,7,0.1,941.8,52.03
ORD-1973,2023-08-23,2023-08-29,Same Day,Consumer,East,Technology,Accessories,6,0.0,10096.11,1819.98
ORD-1974,2024-10-13,2024-10-17,First Class,Corporate,North,Technology,Phones,6,0.15,4102.84,552.64
ORD-1975,2023-08-04,2023-08-09,Standard Class,Home Office,South,Technology,Machines,6,0.15,10219.69,899.5
ORD-1976,2024-02-14,2024-02-17,Standard Class,Consumer,South,Office Supplies,Art,5,0.15,315.5,62.03
ORD-1977,2023-11-25,2023-12-02,Standard Class,Consumer,West,Office Supplies,Paper,7,0.15,436.58,99.7
ORD-1978,2023-12-07,2023-12-10,Second Class,Consumer,East,Office Supplies,Paper,4,0.1,353.89,65.36
ORD-1979,2024-09-27,2024-10-01,Standard Class,Home Office,West,Furniture,Chairs,5,0.0,2382.53,202.83
ORD-1980,2024-01-24,2024-01-26,First Class,Home Office,West,Office Supplies,Art,7,0.0,52.97,9.0
ORD-1981,2023-08-20,2023-08-26,Second Class,Consumer,South,Office Supplies,Paper,9,0.0,771.52,254.16
ORD-1982,2023-04-27,2023-05-04,Standard Class,Home Office,South,Office Supplies,Paper,4,0.1,581.19,201.32
ORD-1983,2023-06-05,2023-06-11,Second Class,Consumer,North,Furniture,Furnishings,4,0.0,2177.92,483.66
ORD-1984,2023-12-06,2023-12-11,First Class,Consumer,East,Office Supplies,Binders,1,0.0,84.32,15.82
ORD-1985,2024-06-16,2024-06-17,Standard Class,Consumer,West,Office Supplies,Storage,9,0.1,1161.86,274.62
ORD-1986,2024-11-25,2024-11-27,Second Class,Corporate,West,Office Supplies,Binders,1,0.1,24.69,6.48
ORD-1987,2024-06-11,2024-06-18,Standard Class,Consumer,South,Office Supplies,Paper,4,0.0,579.03,164.98
ORD-1988,2024-11-21,2024-11-27,Second Class,Corporate,North,Office Supplies,Storage,1,0.0,22.62,5.29
ORD-1989,2023-05-13,2023-05-16,Second Class,Consumer,South,Technology,Machines,5,0.3,5060.12,893.08
ORD-1990,2023-03-13,2023-03-20,Standard Class,Home Office,North,Office Supplies,Binders,7,0.0,302.35,83.54
ORD-1991,2023-02-27,2023-03-06,Same Day,Consumer,North,Furniture,Bookcases,6,0.3,913.71,-34.09
ORD-1992,2024-06-25,2024-06-27,Standard Class,Corporate,West,Technology,Machines,8,0.1,7524.96,2407.44
ORD-1993,2023-09-28,2023-09-29,Standard Class,Corporate,West,Technology,Machines,8,0.0,5790.58,384.7
ORD-1994,2023-10-10,2023-10-15,Standard Class,Consumer,West,Office Supplies,Storage,5,0.2,639.28,101.43
ORD-1995,2023-03-27,2023-04-03,Standard Class,Corporate,North,Furniture,Tables,7,0.15,5000.84,937.72
ORD-1996,2024-04-10,2024-04-11,Standard Class,Consumer,North,Office Supplies,Paper,9,0.15,914.34,177.85
ORD-1997,2023-02-01,2023-02-07,Standard Class,Consumer,North,Technology,Accessories,9,0.1,689.15,154.46
ORD-1998,2023-03-20,2023-03-22,Same Day,Home Office,East,Office Supplies,Binders,5,0.3,219.89,44.89
ORD-1999,2024-01-15,2024-01-17,Standard Class,Corporate,North,Office Supplies,Binders,1,0.1,25.17,4.4
ORD-2000,2023-09-03,2023-09-10,Standard Class,Consumer,South,Office Supplies,Art,9,0.0,700.8,194.0
ORD-2001,2024-01-28,2024-02-04,First Class,Corporate,North,Technology,Phones,3,0.4,1679.04,269.34
ORD-2002,2024-11-05,2024-11-06,Second Class,Consumer,West,Office Supplies,Storage,2,0.0,299.05,16.38
ORD-2003,2023-06-05,2023-06-11,Standard Class,Consumer,North,Office Supplies,Binders,3,0.0,124.94,6.95
ORD-2004,2023-06-30,2023-07-07,Standard Class,Consumer,South,Technology,Machines,5,0.4,2582.15,339.74
ORD-2005,2023-11-29,2023-12-01,Standard Class,Consumer,West,Technology,Phones,1,0.0,1773.64,175.03
ORD-2006,2023-01-15,2023-01-17,First Class,Corporate,South,Technology,Phones,1,0.3,681.38,20.3
ORD-2007,2023-06-24,2023-06-30,Second Class,Consumer,West,Office Supplies,Storage,1,0.2,63.54,20.2
ORD-2008,2024-05-22,2024-05-23,Standard Class,Consumer,North,Technology,Accessories,5,0.3,1242.09,165.72
ORD-2009,2023-11-14,2023-11-19,Standard Class,Corporate,North,Technology,Copiers,9,0.3,9865.3,-673.84
ORD-2010,2023-01-14,2023-01-17,Standard Class,Corporate,South,Office Supplies,Art,8,0.1,1160.85,403.92
ORD-2011,2023-09-17,2023-09-23,Second Class,Corporate,South,Technology,Phones,4,0.0,5495.12,1124.65
ORD-2012,2024-02-28,2024-02-29,Standard Class,Consumer,South,Technology,Copiers,5,0.0,1899.27,232.98
ORD-2013,2023-08-26,2023-09-02,First Class,Home Office,West,Furniture,Tables,7,0.15,5564.63,1686.62
ORD-2014,2024-02-01,2024-02-02,Second Class,Home Office,South,Office Supplies,Binders,3,0.5,36.06,4.59
ORD-2015,2024-01-27,2024-02-03,Second Class,Corporate,North,Office Supplies,Binders,6,0.0,492.82,117.26
ORD-2016,2023-09-14,2023-09-15,Standard Class,Corporate,East,Office Supplies,Binders,4,0.1,31.13,5.98
ORD-2017,2024-07-23,2024-07-27,Standard Class,Home Office,West,Technology,Phones,4,0.0,5099.93,255.24
ORD-2018,2024-05-21,2024-05-22,Second Class,Consumer,South,Furniture,Furnishings,9,0.1,4921.55,743.59
ORD-2019,2023-07-07,2023-07-12,Second Class,Home Office,South,Technology,Copiers,7,0.5,1296.64,192.76
ORD-2020,2023-11-04,2023-11-10,Second Class,Home Office,South,Furniture,Tables,5,0.5,980.26,-75.08
ORD-2021,2023-09-11,2023-09-16,Standard Class,Home Office,East,Office Supplies,Paper,8,0.15,42.77,8.78
ORD-2022,2023-08-05,2023-08-06,Standard Class,Consumer,West,Office Supplies,Binders,6,0.0,391.98,41.69
ORD-2023,2024-09-28,2024-10-03,Standard Class,Consumer,East,Office Supplies,Binders,3,0.3,299.4,54.93
ORD-2024,2023-09-03,2023-09-08,Same Day,Home Office,South,Technology,Machines,5,0.1,1907.88,597.79
ORD-2025,2023-08-28,2023-08-29,Standard Class,Consumer,North,Furniture,Tables,6,0.0,3497.87,904.49
ORD-2026,2023-03-26,2023-03-27,Standard Class,Corporate,East,Furniture,Bookcases,5,0.1,1886.9,105.16
ORD-2027,2024-10-06,2024-10-09,Standard Class,Consumer,South,Technology,Phones,6,0.0,6068.33,1494.58
ORD-2028,2024-12-05,2024-12-12,First Class,Consumer,South,Furniture,Chairs,6,0.3,2386.69,-6.14
ORD-2029,2023-02-17,2023-02-18,Standard Class,Home Office,South,Furniture,Bookcases,5,0.5,507.81,-9.22
ORD-2030,2024-06-09,2024-06-13,Standard Class,Consumer,South,Office Supplies,Paper,6,0.1,667.94,81.14
ORD-2031,2023-03-08,2023-03-14,Standard Class,Corporate,North,Furniture,Tables,4,0.5,2466.78,132.3
ORD-2032,2023-03-15,2023-03-20,First Class,Corporate,South,Office Supplies,Storage,1,0.0,78.93,4.36
ORD-2033,2024-06-21,2024-06-27,Standard Class,Consumer,East,Office Supplies,Binders,7,0.0,442.42,83.68
ORD-2034,2024-09-18,2024-09-25,Second Class,Corporate,West,Office Supplies,Art,1,0.15,97.71,6.4
ORD-2035,2024-06-19,2024-06-21,Second Class,Corporate,West,Furniture,Chairs,5,0.0,2606.86,709.47
ORD-2036,2023-07-16,2023-07-17,Standard Class,Corporate,North,Technology,Accessories,3,0.15,4140.41,566.34
ORD-2037,2024-07-27,2024-07-28,Second Class,Consumer,North,Technology,Copiers,8,0.2,13478.21,2390.61
ORD-2038,2023-05-03,2023-05-07,Standard Class,Consumer,North,Office Supplies,Paper,3,0.15,108.4,20.49
ORD-2039,2023-01-22,2023-01-26,Standard Class,Consumer,North,Furniture,Chairs,3,0.0,2102.4,475.58
ORD-2040,2024-10-13,2024-10-15,Standard Class,Corporate,East,Furniture,Bookcases,1,0.1,70.35,23.0
ORD-2041,2023-04-21,2023-04-28,Standard Class,Consumer,West,Furniture,Furnishings,1,0.4,342.34,-12.34
ORD-2042,2023-03-02,2023-03-06,Standard Class,Consumer,East,Technology,Phones,8,0.5,4475.94,220.72
ORD-2043,2024-08-11,2024-08-15,Second Class,Home Office,South,Office Supplies,Storage,5,0.0,400.95,105.95
ORD-2044,2023-01-29,2023-02-05,Standard Class,Home Office,East,Office Supplies,Storage,4,0.1,49.4,14.41
ORD-2045,2024-10-01,2024-10-06,Second Class,Consumer,East,Office Supplies,Binders,9,0.15,1129.91,175.76
ORD-2046,2024-09-19,2024-09-20,First Class,Corporate,East,Office Supplies,Storage,1,0.1,22.82,3.41
ORD-2047,2024-08-13,2024-08-14,Standard Class,Corporate,North,Furniture,Furnishings,9,0.15,2937.77,1008.11
ORD-2048,2023-04-10,2023-04-15,Second Class,Corporate,South,Office Supplies,Art,7,0.0,808.72,248.02
ORD-2049,2024-05-30,2024-06-04,Standard Class,Corporate,South,Furniture,Bookcases,5,0.1,3452.51,998.63
ORD-2050,2023-10-05,2023-10-11,Same Day,Home Office,North,Technology,Machines,4,0.1,871.39,61.48
ORD-2051,2023-01-10,2023-01-12,Standard Class,Home Office,East,Office Supplies,Paper,8,0.3,782.85,136.74
ORD-2052,2024-08-09,2024-08-16,Standard Class,Consumer,East,Furniture,Bookcases,9,0.0,2746.18,450.11
ORD-2053,2023-08-29,2023-09-01,Standard Class,Consumer,North,Office Supplies,Art,3,0.5,194.32,-17.16
ORD-2054,2023-12-13,2023-12-19,First Class,Home Office,North,Office Supplies,Storage,8,0.3,482.78,93.63
ORD-2055,2024-06-25,2024-07-01,Standard Class,Consumer,East,Furniture,Bookcases,5,0.0,4109.29,929.56
ORD-2056,2023-08-12,2023-08-16,Standard Class,Home Office,South,Office Supplies,Storage,1,0.0,147.92,12.08
ORD-2057,2023-03-04,2023-03-11,Standard Class,Corporate,East,Furniture,Chairs,8,0.15,2648.1,227.81
ORD-2058,2023-12-23,2023-12-24,Standard Class,Home Office,South,Technology,Machines,3,0.1,1222.93,351.06
ORD-2059,2024-05-26,2024-05-28,Standard Class,Consumer,East,Office Supplies,Art,9,0.0,238.28,72.02
ORD-2060,2023-10-04,2023-10-09,Same Day,Consumer,North,Office Supplies,Binders,5,0.4,573.5,-9.24
ORD-2061,2023-05-01,2023-05-05,First Class,Consumer,South,Office Supplies,Art,3,0.4,380.12,33.84
ORD-2062,2024-04-04,2024-04-05,Standard Class,Corporate,West,Office Supplies,Storage,7,0.1,563.84,73.66
ORD-2063,2023-02-05,2023-02-12,Standard Class,Corporate,South,Furniture,Chairs,2,0.0,326.29,16.44
ORD-2064,2023-02-03,2023-02-04,Same Day,Corporate,East,Office Supplies,Binders,5,0.15,207.42,42.58
ORD-2065,2024-09-29,2024-10-02,Second Class,Home Office,East,Furniture,Chairs,8,0.5,1847.99,-108.72
ORD-2066,2023-03-07,2023-03-11,Standard Class,Corporate,East,Technology,Phones,8,0.0,995.34,311.6
ORD-2067,2024-02-26,2024-03-03,Standard Class,Consumer,North,Technology,Machines,5,0.2,2611.1,634.61
ORD-2068,2024-02-23,2024-02-29,Second Class,Consumer,North,Office Supplies,Binders,2,0.15,204.94,43.82
ORD-2069,2023-10-24,2023-10-27,Standard Class,Corporate,North,Office Supplies,Storage,3,0.0,21.84,3.67
ORD-2070,2023-01-26,2023-01-27,Standard Class,Consumer,East,Office Supplies,Art,4,0.15,60.18,17.84
ORD-2071,2024-09-14,2024-09-18,Second Class,Consumer,East,Office Supplies,Art,6,0.0,884.76,273.56
ORD-2072,2023-10-07,2023-10-10,Same Day,Consumer,West,Furniture,Chairs,7,0.15,4797.72,318.39
ORD-2073,2023-04-21,2023-04-27,First Class,Home Office,East,Office Supplies,Storage,9,0.0,468.16,115.16
ORD-2074,2023-11-26,2023-11-29,Standard Class,Consumer,North,Furniture,Chairs,5,0.15,3693.46,878.19
ORD-2075,2023-12-16,2023-12-18,Standard Class,Consumer,South,Office Supplies,Binders,4,0.15,250.47,52.42
ORD-2076,2024-01-30,2024-02-04,Standard Class,Corporate,East,Technology,Accessories,4,0.3,5177.9,80.5
ORD-2077,2024-01-04,2024-01-11,Standard Class,Home Office,South,Office Supplies,Storage,8,0.1,707.7,56.84
ORD-2078,2023-05-17,2023-05-24,Second Class,Consumer,East,Technology,Machines,8,0.1,9445.65,1579.91
ORD-2079,2024-03-22,2024-03-24,Standard Class,Corporate,East,Office Supplies,Storage,3,0.1,249.86,41.61
ORD-2080,2023-02-11,2023-02-12,First Class,Home Office,North,Office Supplies,Binders,6,0.0,181.54,58.6
ORD-2081,2024-02-17,2024-02-23,Second Class,Corporate,West,Office Supplies,Art,4,0.0,565.57,89.15
ORD-2082,2024-05-27,2024-06-01,Second Class,Consumer,North,Technology,Copiers,9,0.3,2772.31,148.51
ORD-2083,2023-06-18,2023-06-19,Standard Class,Consumer,North,Office Supplies,Art,8,0.15,796.01,56.4
ORD-2084,2024-09-22,2024-09-27,Same Day,Home Office,North,Office Supplies,Storage,3,0.15,117.08,29.35
ORD-2085,2024-05-05,2024-05-10,Standard Class,Corporate,West,Furniture,Bookcases,6,0.1,852.84,263.52
ORD-2086,2024-10-03,2024-10-07,Standard Class,Corporate,East,Furniture,Furnishings,6,0.1,3912.27,1277.04
ORD-2087,2023-02-01,2023-02-04,Standard Class,Corporate,South,Office Supplies,Art,4,0.15,329.22,31.35
ORD-2088,2024-12-24,2024-12-26,First Class,Consumer,South,Technology,Copiers,2,0.1,3074.51,199.83
ORD-2089,2024-07-29,2024-08-04,Standard Class,Corporate,North,Office Supplies,Storage,9,0.15,133.09,13.54
ORD-2090,2024-05-06,2024-05-07,Standard Class,Consumer,East,Technology,Machines,7,0.15,4912.4,500.07
ORD-2091,2023-11-18,2023-11-22,Second Class,Home Office,North,Technology,Phones,1,0.3,822.56,3.75
ORD-2092,2023-07-19,2023-07-25,Standard Class,Consumer,North,Furniture,Bookcases,1,0.15,196.24,49.25
ORD-2093,2023-10-12,2023-10-14,Standard Class,Consumer,North,Furniture,Bookcases,4,0.4,1492.55,-30.27
ORD-2094,2023-03-12,2023-03-13,Standard Class,Consumer,East,Furniture,Tables,7,0.1,1539.02,390.94
ORD-2095,2023-10-30,2023-11-04,Second Class,Consumer,South,Office Supplies,Binders,2,0.0,134.73,13.78
ORD-2096,2024-09-20,2024-09-26,Standard Class,Corporate,West,Office Supplies,Storage,1,0.0,59.35,15.36
ORD-2097,2024-09-04,2024-09-06,Standard Class,Home Office,West,Technology,Copiers,7,0.0,7840.77,522.57
ORD-2098,2023-10-20,2023-10-23,Standard Class,Consumer,South,Technology,Machines,4,0.3,1541.98,354.2
ORD-2099,2024-11-28,2024-12-04,Same Day,Consumer,South,Office Supplies,Storage,4,0.15,365.48,119.02
ORD-2100,2023-06-04,2023-06-07,Standard Class,Corporate,North,Office Supplies,Binders,1,0.0,70.21,13.59
ORD-2101,2023-01-30,2023-01-31,Standard Class,Corporate,West,Office Supplies,Binders,1,0.0,121.05,18.19
ORD-2102,2023-04-30,2023-05-05,Standard Class,Home Office,North,Office Supplies,Art,9,0.15,705.08,71.49
ORD-2103,2024-04-20,2024-04-24,Standard Class,Corporate,North,Office Supplies,Art,9,0.2,968.63,328.19
ORD-2104,2023-09-30,2023-10-02,First Class,Home Office,South,Furniture,Tables,6,0.1,3575.44,635.0
ORD-2105,2023-09-01,2023-09-03,First Class,Consumer,West,Office Supplies,Art,7,0.15,71.2,15.83
ORD-2106,2024-09-24,2024-09-26,Standard Class,Corporate,East,Technology,Phones,3,0.1,1387.73,461.54
ORD-2107,2023-08-09,2023-08-16,Standard Class,Home Office,East,Technology,Phones,4,0.3,3490.91,229.11
ORD-2108,2024-07-29,2024-08-05,Standard Class,Consumer,North,Office Supplies,Art,6,0.0,86.48,21.8
ORD-2109,2023-04-12,2023-04-16,Second Class,Corporate,South,Office Supplies,Binders,5,0.0,462.43,84.68
ORD-2110,2023-05-15,2023-05-17,Same Day,Consumer,South,Technology,Machines,2,0.15,2849.19,259.02
ORD-2111,2024-08-28,2024-09-04,Standard Class,Home Office,East,Office Supplies,Storage,6,0.0,142.31,34.13
ORD-2112,2023-09-17,2023-09-20,Standard Class,Corporate,South,Technology,Machines,4,0.3,5966.8,-206.17
ORD-2113,2023-06-29,2023-07-03,Standard Class,Consumer,East,Office Supplies,Paper,4,0.5,480.54,-2.56
ORD-2114,2023-05-17,2023-05-24,Standard Class,Consumer,East,Technology,Copiers,8,0.2,13083.63,1501.36
ORD-2115,2024-08-01,2024-08-05,First Class,Corporate,North,Furniture,Chairs,2,0.5,873.21,45.94
ORD-2116,2024-12-22,2024-12-25,Standard Class,Home Office,South,Furniture,Furnishings,7,0.0,4416.87,276.98
ORD-2117,2023-12-21,2023-12-26,Standard Class,Corporate,North,Office Supplies,Binders,1,0.0,58.22,12.7
ORD-2118,2023-06-19,2023-06-25,Second Class,Home Office,South,Technology,Copiers,7,0.0,3713.52,828.94
ORD-2119,2023-07-10,2023-07-15,First Class,Consumer,South,Technology,Accessories,5,0.1,4543.02,1402.49
ORD-2120,2024-03-19,2024-03-21,Second Class,Consumer,West,Office Supplies,Paper,3,0.0,170.02,47.17
ORD-2121,2024-02-11,2024-02-15,Same Day,Consumer,South,Technology,Machines,8,0.0,1163.32,181.06
ORD-2122,2024-01-05,2024-01-07,Second Class,Corporate,West,Technology,Phones,1,0.0,1746.68,362.77
ORD-2123,2024-10-04,2024-10-10,Standard Class,Corporate,North,Office Supplies,Binders,7,0.0,730.13,51.05
ORD-2124,2023-11-25,2023-12-02,Standard Class,Home Office,South,Furniture,Tables,8,0.15,6393.93,1109.91
ORD-2125,2023-08-13,2023-08-19,Standard Class,Home Office,East,Office Supplies,Storage,4,0.2,172.45,57.48
ORD-2126,2024-08-21,2024-08-22,Standard Class,Consumer,West,Technology,Copiers,8,0.0,2913.4,707.47
ORD-2127,2024-03-16,2024-03-22,First Class,Corporate,East,Office Supplies,Paper,2,0.1,265.11,47.79
ORD-2128,2023-04-25,2023-04-30,Second Class,Consumer,West,Furniture,Furnishings,6,0.15,3007.72,933.56
ORD-2129,2023-08-25,2023-08-30,Same Day,Home Office,North,Furniture,Chairs,6,0.0,5192.88,752.72
ORD-2130,2024-06-10,2024-06-12,Standard Class,Consumer,South,Technology,Phones,7,0.1,6335.14,734.42
ORD-2131,2023-12-29,2024-01-05,Standard Class,Consumer,West,Furniture,Bookcases,4,0.0,3353.04,1113.86
ORD-2132,2024-02-05,2024-02-09,Standard Class,Home Office,South,Furniture,Tables,2,0.0,513.25,32.84
ORD-2133,2024-06-25,2024-06-26,Second Class,Consumer,South,Office Supplies,Art,3,0.0,433.59,65.71
ORD-2134,2024-07-31,2024-08-05,Standard Class,Consumer,East,Office Supplies,Art,2,0.0,101.52,13.17
ORD-2135,2024-05-17,2024-05-23,Standard Class,Corporate,West,Furniture,Chairs,3,0.15,1780.08,188.75
ORD-2136,2023-09-23,2023-09-27,Standard Class,Consumer,West,Office Supplies,Paper,2,0.15,206.79,36.48
ORD-2137,2024-09-24,2024-09-26,First Class,Home Office,North,Technology,Phones,2,0.4,809.97,111.08
ORD-2138,2024-01-10,2024-01-12,Second Class,Home Office,South,Office Supplies,Art,8,0.15,141.05,44.4
ORD-2139,2023-04-22,2023-04-29,Same Day,Home Office,South,Technology,Accessories,5,0.15,4079.17,815.95
ORD-2140,2024-09-23,2024-09-26,Second Class,Corporate,South,Office Supplies,Binders,4,0.0,410.78,90.96
ORD-2141,2023-09-08,2023-09-09,Standard Class,Consumer,East,Technology,Copiers,8,0.2,5859.38,1912.35
ORD-2142,2024-06-01,2024-06-06,Second Class,Consumer,South,Office Supplies,Art,1,0.1,66.21,13.28
ORD-2143,2023-06-07,2023-06-09,Standard Class,Consumer,South,Technology,Copiers,2,0.0,2868.6,471.69
ORD-2144,2024-06-23,2024-06-25,Second Class,Corporate,North,Office Supplies,Binders,4,0.2,361.32,78.32
ORD-2145,2023-06-26,2023-06-28,Same Day,Home Office,North,Technology,Accessories,6,0.1,6996.08,1106.61
ORD-2146,2023-05-21,2023-05-25,Standard Class,Consumer,West,Technology,Copiers,3,0.15,4600.43,1293.29
ORD-2147,2023-10-22,2023-10-23,Second Class,Corporate,South,Technology,Machines,1,0.3,1150.8,-16.99
ORD-2148,2024-08-31,2024-09-04,Standard Class,Corporate,South,Furniture,Chairs,5,0.3,546.04,85.4
ORD-2149,2024-11-17,2024-11-22,Standard Class,Corporate,South,Technology,Copiers,9,0.15,3512.9,390.51
ORD-2150,2024-08-11,2024-08-16,First Class,Consumer,North,Furniture,Chairs,5,0.4,3425.62,399.01
ORD-2151,2023-02-01,2023-02-08,Second Class,Corporate,North,Office Supplies,Paper,2,0.3,76.05,-4.88
ORD-2152,2024-11-02,2024-11-06,Standard Class,Consumer,South,Office Supplies,Storage,2,0.1,194.73,12.77
ORD-2153,2024-11-04,2024-11-08,Standard Class,Consumer,North,Office Supplies,Storage,4,0.15,33.93,3.65
ORD-2154,2023-08-26,2023-09-02,Standard Class,Corporate,South,Office Supplies,Paper,3,0.4,120.17,2.79
ORD-2155,2023-03-04,2023-03-05,First Class,Consumer,North,Technology,Phones,8,0.15,9778.36,970.65
ORD-2156,2023-11-20,2023-11-22,Standard Class,Corporate,North,Office Supplies,Paper,4,0.2,288.65,18.45
ORD-2157,2023-04-08,2023-04-11,Standard Class,Consumer,West,Technology,Copiers,4,0.0,4107.94,1282.86
ORD-2158,2024-07-29,2024-08-02,Standard Class,Consumer,North,Technology,Phones,2,0.1,951.72,156.47
ORD-2159,2024-05-20,2024-05-21,Standard Class,Home Office,South,Furniture,Bookcases,3,0.3,1719.83,59.2
ORD-2160,2024-10-18,2024-10-22,Standard Class,Consumer,West,Furniture,Chairs,4,0.15,2148.86,583.14
ORD-2161,2023-04-27,2023-04-29,Standard Class,Consumer,North,Technology,Phones,3,0.15,871.41,118.23
ORD-2162,2024-10-17,2024-10-24,Same Day,Consumer,East,Office Supplies,Art,2,0.2,51.31,17.52
ORD-2163,2024-05-28,2024-05-29,Standard Class,Consumer,North,Technology,Copiers,7,0.0,11624.78,948.51
ORD-2164,2023-01-06,2023-01-09,Standard Class,Home Office,East,Office Supplies,Paper,1,0.0,73.51,12.01
ORD-2165,2024-01-22,2024-01-28,Second Class,Consumer,South,Office Supplies,Art,1,0.0,149.97,26.61
ORD-2166,2023-11-12,2023-11-16,Second Class,Home Office,South,Office Supplies,Storage,8,0.0,955.77,303.78
ORD-2167,2024-10-09,2024-10-15,Second Class,Corporate,North,Furniture,Bookcases,5,0.15,3687.52,299.89
ORD-2168,2023-03-11,2023-03-18,Standard Class,Consumer,North,Office Supplies,Art,5,0.0,514.14,112.08
ORD-2169,2024-08-07,2024-08-11,Standard Class,Consumer,North,Technology,Accessories,2,0.0,2231.17,159.94
ORD-2170,2024-06-03,2024-06-08,First Class,Home Office,South,Furniture,Bookcases,9,0.3,4725.81,352.29
ORD-2171,2023-03-22,2023-03-24,Standard Class,Consumer,West,Office Supplies,Binders,9,0.1,634.37,100.91
ORD-2172,2024-07-12,2024-07-18,Standard Class,Home Office,North,Office Supplies,Storage,5,0.3,107.95,6.38
ORD-2173,2024-03-29,2024-04-05,Same Day,Consumer,East,Office Supplies,Storage,4,0.0,259.54,37.23
ORD-2174,2023-02-28,2023-03-06,Standard Class,Consumer,North,Furniture,Furnishings,6,0.0,2701.27,548.9
ORD-2175,2024-04-24,2024-05-01,Standard Class,Consumer,South,Technology,Accessories,6,0.4,7555.04,1045.32
ORD-2176,2024-10-31,2024-11-02,Second Class,Corporate,East,Technology,Machines,8,0.0,14299.4,2112.32
ORD-2177,2023-04-08,2023-04-10,Same Day,Consumer,South,Furniture,Tables,1,0.1,120.44,8.04
ORD-2178,2024-10-18,2024-10-19,Standard Class,Consumer,East,Office Supplies,Binders,2,0.2,115.36,33.56
ORD-2179,2023-12-29,2023-12-31,Second Class,Corporate,North,Furniture,Furnishings,2,0.2,1684.93,300.39
ORD-2180,2024-05-11,2024-05-18,Standard Class,Corporate,East,Technology,Phones,2,0.0,2767.6,757.42
ORD-2181,2024-09-17,2024-09-19,Standard Class,Home Office,East,Technology,Copiers,5,0.1,3603.05,750.78
ORD-2182,2024-03-31,2024-04-03,Standard Class,Corporate,North,Office Supplies,Binders,4,0.0,303.24,103.75
ORD-2183,2023-12-14,2023-12-19,Standard Class,Consumer,East,Furniture,Furnishings,7,0.15,5407.45,1881.1
ORD-2184,2023-02-18,2023-02-19,Standard Class,Corporate,East,Technology,Phones,2,0.0,3531.37,628.18
ORD-2185,2023-07-16,2023-07-18,Standard Class,Consumer,South,Furniture,Bookcases,9,0.3,4505.06,-217.68
ORD-2186,2024-06-29,2024-07-05,Standard Class,Consumer,North,Technology,Phones,5,0.0,6110.08,1962.38
ORD-2187,2023-05-08,2023-05-11,First Class,Corporate,North,Office Supplies,Binders,8,0.5,99.69,-0.43
ORD-2188,2024-07-09,2024-07-15,Standard Class,Corporate,East,Furniture,Chairs,1,0.15,423.16,113.1
ORD-2189,2024-02-24,2024-02-26,Same Day,Consumer,East,Furniture,Bookcases,5,0.2,767.11,199.89
ORD-2190,2024-08-24,2024-08-27,Second Class,Consumer,West,Furniture,Furnishings,1,0.1,532.58,145.91
ORD-2191,2024-01-23,2024-01-24,Standard Class,Consumer,East,Technology,Copiers,6,0.0,6873.81,423.98
ORD-2192,2023-10-20,2023-10-24,Standard Class,Corporate,West,Office Supplies,Paper,8,0.15,381.37,106.41
ORD-2193,2023-05-24,2023-05-25,Standard Class,Home Office,West,Furniture,Bookcases,7,0.1,4125.38,865.17
ORD-2194,2023-03-21,2023-03-24,Same Day,Corporate,East,Furniture,Chairs,5,0.1,3172.42,640.67
ORD-2195,2024-04-03,2024-04-04,Second Class,Corporate,East,Technology,Copiers,5,0.0,6919.53,2212.43
ORD-2196,2024-12-26,2024-12-28,Second Class,Consumer,East,Technology,Machines,3,0.3,1093.06,8.25
ORD-2197,2024-06-26,2024-06-28,Standard Class,Consumer,East,Office Supplies,Storage,3,0.0,48.71,3.5
ORD-2198,2024-12-07,2024-12-11,Same Day,Consumer,West,Office Supplies,Paper,8,0.2,330.93,107.51
ORD-2199,2023-03-28,2023-04-04,Same Day,Home Office,East,Technology,Accessories,9,0.15,4422.8,985.74
ORD-2200,2024-11-01,2024-11-03,Second Class,Consumer,South,Technology,Phones,1,0.1,920.04,213.17
ORD-2201,2024-03-28,2024-03-29,First Class,Corporate,South,Furniture,Chairs,5,0.1,1467.69,263.64
ORD-2202,2024-05-20,2024-05-21,Standard Class,Consumer,West,Technology,Machines,8,0.0,670.19,99.93
ORD-2203,2024-08-31,2024-09-01,First Class,Consumer,South,Furniture,Tables,2,0.3,729.91,47.34
ORD-2204,2024-01-26,2024-01-31,Standard Class,Consumer,West,Technology,Phones,5,0.0,7814.28,2278.97
ORD-2205,2024-05-14,2024-05-15,Second Class,Consumer,South,Office Supplies,Art,6,0.2,821.6,110.49
ORD-2206,2024-02-05,2024-02-11,Standard Class,Corporate,North,Technology,Copiers,8,0.15,7404.74,2358.48
ORD-2207,2024-08-12,2024-08-17,Second Class,Consumer,East,Office Supplies,Art,3,0.0,140.88,42.1
ORD-2208,2023-01-28,2023-02-02,Second Class,Consumer,South,Office Supplies,Binders,1,0.15,69.48,11.21
ORD-2209,2024-07-02,2024-07-09,Standard Class,Consumer,North,Office Supplies,Art,6,0.1,445.92,80.29
ORD-2210,2023-11-24,2023-11-26,Standard Class,Consumer,East,Office Supplies,Art,6,0.1,777.45,148.32
ORD-2211,2024-08-09,2024-08-15,Standard Class,Home Office,East,Office Supplies,Binders,9,0.2,54.33,7.93
ORD-2212,2023-03-14,2023-03-17,Standard Class,Consumer,West,Office Supplies,Storage,1,0.0,108.33,36.12
ORD-2213,2023-11-09,2023-11-11,Standard Class,Corporate,North,Furniture,Furnishings,9,0.15,5374.27,393.33
ORD-2214,2023-07-04,2023-07-11,Standard Class,Consumer,South,Office Supplies,Paper,4,0.0,479.77,114.28
ORD-2215,2024-07-24,2024-07-31,Standard Class,Corporate,South,Office Supplies,Storage,8,0.1,732.34,231.78
ORD-2216,2023-10-05,2023-10-12,First Class,Consumer,South,Office Supplies,Paper,6,0.3,46.15,9.15
ORD-2217,2023-04-21,2023-04-24,Standard Class,Consumer,South,Office Supplies,Art,3,0.15,424.1,132.45
ORD-2218,2023-03-24,2023-03-27,Standard Class,Consumer,East,Office Supplies,Paper,9,0.5,265.55,34.98
ORD-2219,2023-09-23,2023-09-26,Same Day,Consumer,North,Furniture,Bookcases,4,0.0,3204.43,884.33
ORD-2220,2023-11-23,2023-11-25,Standard Class,Consumer,West,Furniture,Bookcases,6,0.4,4553.69,-293.71
ORD-2221,2024-02-13,2024-02-20,Second Class,Home Office,South,Technology,Accessories,3,0.1,455.03,26.57
ORD-2222,2023-05-04,2023-05-10,Standard Class,Consumer,East,Technology,Phones,9,0.0,13017.42,4360.54
ORD-2223,2023-01-01,2023-01-02,Standard Class,Corporate,East,Office Supplies,Art,7,0.0,749.41,86.31
ORD-2224,2024-02-14,2024-02-15,Second Class,Corporate,East,Technology,Accessories,9,0.0,7190.78,750.7
ORD-2225,2024-05-09,2024-05-14,First Class,Corporate,East,Furniture,Furnishings,2,0.1,1222.03,345.58
ORD-2226,2024-03-21,2024-03-25,Standard Class,Consumer,West,Technology,Accessories,3,0.3,2918.78,-96.36
ORD-2227,2024-10-25,2024-10-31,Standard Class,Consumer,East,Office Supplies,Paper,7,0.1,335.88,20.58
ORD-2228,2023-01-08,2023-01-10,Same Day,Consumer,West,Furniture,Bookcases,2,0.1,1724.51,523.54
ORD-2229,2024-10-17,2024-10-24,Standard Class,Consumer,East,Technology,Copiers,5,0.0,3127.29,194.16
ORD-2230,2024-12-13,2024-12-16,Standard Class,Consumer,East,Office Supplies,Paper,7,0.5,693.72,91.21
ORD-2231,2023-04-17,2023-04-22,First Class,Consumer,North,Technology,Copiers,3,0.15,1077.66,150.27
ORD-2232,2023-12-10,2023-12-11,Standard Class,Consumer,West,Technology,Accessories,7,0.2,1335.79,109.51
ORD-2233,2023-04-18,2023-04-23,Standard Class,Consumer,West,Furniture,Chairs,5,0.1,547.97,47.46
ORD-2234,2024-11-09,2024-11-13,Second Class,Corporate,East,Office Supplies,Storage,9,0.0,845.03,252.09
ORD-2235,2023-05-18,2023-05-25,Second Class,Consumer,West,Office Supplies,Binders,6,0.1,36.58,2.8
ORD-2236,2024-09-15,2024-09-17,Standard Class,Corporate,West,Furniture,Bookcases,9,0.3,1667.16,326.6
ORD-2237,2024-04-28,2024-05-05,First Class,Consumer,West,Office Supplies,Paper,1,0.0,83.92,16.11
ORD-2238,2024-10-24,2024-10-31,Second Class,Corporate,North,Office Supplies,Paper,9,0.0,1349.86,83.74
ORD-2239,2024-12-25,2024-12-30,First Class,Consumer,North,Technology,Machines,3,0.1,2915.69,945.98
ORD-2240,2023-09-28,2023-10-03,Standard Class,Corporate,South,Furniture,Furnishings,9,0.0,904.41,271.83
ORD-2241,2023-04-20,2023-04-25,Standard Class,Consumer,North,Technology,Copiers,3,0.1,3593.95,552.75
ORD-2242,2024-10-17,2024-10-24,Standard Class,Corporate,North,Furniture,Chairs,3,0.5,1156.33,-61.58
ORD-2243,2024-11-19,2024-11-22,Standard Class,Consumer,South,Furniture,Furnishings,4,0.0,1902.9,510.42
ORD-2244,2023-09-09,2023-09-12,Standard Class,Consumer,North,Office Supplies,Binders,4,0.1,484.31,44.91
ORD-2245,2024-02-02,2024-02-09,Standard Class,Corporate,East,Office Supplies,Binders,7,0.0,367.01,49.72
ORD-2246,2024-10-07,2024-10-09,Standard Class,Corporate,North,Office Supplies,Paper,9,0.3,1124.23,7.98
ORD-2247,2024-03-09,2024-03-13,Standard Class,Consumer,North,Office Supplies,Paper,8,0.0,920.03,317.88
ORD-2248,2024-08-05,2024-08-06,First Class,Corporate,East,Office Supplies,Paper,8,0.0,436.26,43.32
ORD-2249,2024-02-06,2024-02-08,Same Day,Corporate,North,Furniture,Bookcases,9,0.15,6863.25,527.85
ORD-2250,2024-10-05,2024-10-08,Second Class,Corporate,West,Technology,Copiers,8,0.5,5283.18,-545.34
ORD-2251,2024-03-16,2024-03-17,Standard Class,Corporate,South,Technology,Copiers,2,0.3,1753.92,-7.2
ORD-2252,2023-11-04,2023-11-09,Standard Class,Corporate,South,Technology,Phones,3,0.1,2026.31,415.06
ORD-2253,2023-07-09,2023-07-10,Standard Class,Consumer,South,Office Supplies,Binders,7,0.3,562.52,13.58
ORD-2254,2023-12-14,2023-12-20,Second Class,Corporate,East,Furniture,Bookcases,5,0.0,3605.36,766.94
ORD-2255,2023-05-30,2023-06-06,Second Class,Corporate,West,Technology,Accessories,1,0.5,1294.49,-88.55
ORD-2256,2024-09-22,2024-09-28,Second Class,Corporate,North,Furniture,Chairs,4,0.15,1481.26,110.18
ORD-2257,2024-04-08,2024-04-13,Standard Class,Consumer,South,Technology,Copiers,7,0.0,4116.26,265.86
ORD-2258,2023-08-16,2023-08-19,First Class,Consumer,East,Technology,Accessories,4,0.1,2248.0,249.74
ORD-2259,2023-08-12,2023-08-14,Same Day,Corporate,North,Office Supplies,Binders,3,0.5,213.78,8.72
ORD-2260,2023-10-28,2023-10-31,Same Day,Consumer,North,Office Supplies,Art,2,0.0,65.1,21.14
ORD-2261,2023-06-29,2023-07-05,Same Day,Home Office,South,Furniture,Bookcases,7,0.0,1157.23,335.68
ORD-2262,2023-04-06,2023-04-13,Second Class,Home Office,South,Furniture,Tables,8,0.4,5188.2,833.23
ORD-2263,2024-07-29,2024-08-01,Standard Class,Corporate,North,Office Supplies,Art,9,0.1,697.66,92.41
ORD-2264,2024-10-18,2024-10-19,Standard Class,Home Office,South,Office Supplies,Paper,4,0.3,536.26,102.18
ORD-2265,2023-11-15,2023-11-22,Standard Class,Consumer,East,Technology,Phones,3,0.15,4634.74,766.65
ORD-2266,2024-12-12,2024-12-15,Standard Class,Corporate,North,Technology,Phones,4,0.15,2619.89,296.59
ORD-2267,2024-06-16,2024-06-19,Same Day,Corporate,West,Office Supplies,Paper,2,0.0,282.7,17.35
ORD-2268,2023-09-20,2023-09-25,Standard Class,Consumer,South,Office Supplies,Art,7,0.4,244.43,-5.36
ORD-2269,2024-07-15,2024-07-18,Standard Class,Consumer,South,Office Supplies,Binders,8,0.1,481.51,152.71
ORD-2270,2024-08-07,2024-08-12,Standard Class,Home Office,West,Office Supplies,Binders,3,0.0,204.05,30.93
ORD-2271,2024-11-26,2024-12-03,Second Class,Consumer,North,Furniture,Furnishings,9,0.2,6845.03,1880.9
ORD-2272,2023-02-10,2023-02-16,Second Class,Corporate,North,Office Supplies,Binders,5,0.15,220.9,59.55
ORD-2273,2024-04-08,2024-04-10,Standard Class,Consumer,East,Office Supplies,Storage,1,0.0,60.73,18.02
ORD-2274,2024-06-15,2024-06-22,Standard Class,Home Office,South,Technology,Phones,7,0.0,5493.03,1834.63
ORD-2275,2024-09-30,2024-10-01,Standard Class,Corporate,North,Furniture,Furnishings,8,0.1,912.77,83.21
ORD-2276,2024-04-21,2024-04-27,Standard Class,Consumer,South,Furniture,Furnishings,4,0.4,1823.17,-41.44
ORD-2277,2023-04-24,2023-04-29,Standard Class,Corporate,North,Technology,Phones,8,0.4,9452.32,477.64
ORD-2278,2024-08-12,2024-08-16,Standard Class,Consumer,South,Technology,Accessories,2,0.4,2887.71,247.15
ORD-2279,2023-05-26,2023-06-01,Standard Class,Corporate,West,Office Supplies,Art,6,0.3,125.81,25.88
ORD-2280,2023-07-16,2023-07-22,Standard Class,Corporate,East,Office Supplies,Art,8,0.0,425.64,38.22
ORD-2281,2024-04-04,2024-04-10,Standard Class,Home Office,South,Office Supplies,Art,5,0.15,561.24,169.91
ORD-2282,2024-12-05,2024-12-12,First Class,Consumer,North,Furniture,Furnishings,9,0.2,5041.34,643.93
ORD-2283,2023-01-21,2023-01-27,,Home Office,West,Office Supplies,Binders,9,0.4,1060.08,67.84
ORD-2284,2024-08-31,2024-09-06,Standard Class,Consumer,North,Technology,Accessories,4,0.0,3697.69,390.75
ORD-2285,2023-03-19,2023-03-22,Standard Class,Consumer,South,Office Supplies,Binders,4,0.0,590.94,155.54
ORD-2286,2023-03-16,2023-03-17,Standard Class,Consumer,South,Office Supplies,Storage,1,0.0,20.02,4.93
ORD-2287,2023-01-10,2023-01-13,Same Day,Consumer,West,Office Supplies,Storage,8,0.0,976.48,305.98
ORD-2288,2023-11-07,2023-11-10,Second Class,Corporate,East,Furniture,Bookcases,7,0.1,1224.78,292.83
ORD-2289,2023-09-09,2023-09-14,Standard Class,Corporate,South,Technology,Copiers,1,0.0,817.17,130.01
ORD-2290,2023-07-16,2023-07-21,Second Class,Consumer,South,Technology,Copiers,7,0.0,11780.4,3000.37
ORD-2291,2024-05-08,2024-05-15,Standard Class,Consumer,South,Office Supplies,Paper,8,0.1,792.6,260.2
ORD-2292,2024-05-24,2024-05-26,Standard Class,Corporate,North,Furniture,Bookcases,5,0.15,1192.9,235.45
ORD-2293,2023-02-01,2023-02-05,Same Day,Consumer,North,Office Supplies,Art,3,0.1,83.38,7.37
ORD-2294,2024-04-15,2024-04-19,,Corporate,North,Office Supplies,Paper,5,0.3,165.71,-8.76
ORD-2295,2024-01-17,2024-01-22,Standard Class,Consumer,North,Furniture,Furnishings,7,0.3,1577.11,51.59
ORD-2296,2024-11-25,2024-11-26,Second Class,Consumer,West,Technology,Copiers,2,0.2,1136.24,391.42
ORD-2297,2024-02-05,2024-02-11,Standard Class,Consumer,North,Office Supplies,Art,9,0.3,484.53,104.81
ORD-2298,2023-12-12,2023-12-15,Standard Class,Consumer,North,Office Supplies,Binders,2,0.0,207.61,39.99
ORD-2299,2024-02-07,2024-02-12,Standard Class,Corporate,North,Technology,Phones,7,0.4,3597.61,-304.11
ORD-2300,2023-11-11,2023-11-16,Standard Class,Consumer,North,Furniture,Furnishings,7,0.0,3485.44,978.22
ORD-2301,2024-01-20,2024-01-27,Standard Class,Consumer,South,Furniture,Furnishings,4,0.15,1026.75,78.79
ORD-2302,2024-11-24,2024-11-28,Standard Class,Consumer,South,Office Supplies,Binders,9,0.0,1041.5,343.98
ORD-2303,2023-08-29,2023-09-03,Standard Class,Home Office,South,Technology,Copiers,9,0.5,11973.95,1649.51
ORD-2304,2024-06-19,2024-06-23,Standard Class,Consumer,South,Furniture,Tables,4,0.1,1611.61,130.64
ORD-2305,2024-09-25,2024-09-28,First Class,Home Office,North,Office Supplies,Storage,7,0.0,831.55,243.15
ORD-2306,2023-08-28,2023-08-29,Standard Class,Corporate,North,Furniture,Bookcases,2,0.3,1267.8,155.33
ORD-2307,2024-07-12,2024-07-17,Standard Class,Home Office,West,Office Supplies,Paper,3,0.1,45.7,7.71
ORD-2308,2023-08-02,2023-08-09,Standard Class,Consumer,West,Furniture,Furnishings,2,0.3,1103.8,227.48
ORD-2309,2024-01-30,2024-01-31,Standard Class,Consumer,North,Technology,Phones,6,0.15,6786.52,1746.96
ORD-2310,2024-07-28,2024-08-04,Standard Class,Home Office,East,Technology,Accessories,9,0.1,10103.65,2487.03
ORD-2311,2023-08-28,2023-08-30,Second Class,Home Office,North,Office Supplies,Art,1,0.2,6.39,0.38
ORD-2312,2023-11-30,2023-12-03,Standard Class,Consumer,East,Technology,Copiers,6,0.0,510.15,174.91
ORD-2313,2024-05-25,2024-06-01,Standard Class,Home Office,South,Technology,Phones,8,0.1,609.99,44.52
ORD-2314,2023-06-17,2023-06-19,Same Day,Consumer,North,Office Supplies,Storage,3,0.15,83.73,4.49
ORD-2315,2023-02-07,2023-02-13,Standard Class,Home Office,East,Technology,Copiers,7,0.0,6633.39,603.08
ORD-2316,2023-09-11,2023-09-12,Standard Class,Corporate,West,Furniture,Tables,8,0.15,5479.19,1075.34
ORD-2317,2023-07-26,2023-07-27,Standard Class,Home Office,North,Office Supplies,Paper,9,0.4,409.61,35.5
ORD-2318,2024-08-25,2024-08-30,Standard Class,Corporate,South,Office Supplies,Binders,4,0.1,100.65,16.06
ORD-2319,2023-04-06,2023-04-07,Standard Class,Consumer,North,Office Supplies,Storage,7,0.3,634.83,-10.6
ORD-2320,2024-11-08,2024-11-11,Standard Class,Home Office,North,Furniture,Tables,4,0.1,2488.14,221.72
ORD-2321,2023-04-22,2023-04-24,Same Day,Corporate,East,Office Supplies,Paper,4,0.4,329.68,9.29
ORD-2322,2023-11-01,2023-11-04,Standard Class,Consumer,West,Furniture,Chairs,9,0.1,6372.76,1648.93
ORD-2323,2024-11-08,2024-11-12,Standard Class,Consumer,West,Furniture,Tables,8,0.5,2910.55,0.76
ORD-2324,2024-02-27,2024-03-05,Standard Class,Corporate,South,Furniture,Bookcases,7,0.2,1331.98,366.53
ORD-2325,2024-12-30,2025-01-06,Standard Class,Home Office,North,Office Supplies,Art,6,0.0,563.92,177.45
ORD-2326,2023-12-14,2023-12-18,Standard Class,Consumer,West,Furniture,Tables,9,0.0,1254.16,265.21
ORD-2327,2023-03-13,2023-03-16,Standard Class,Corporate,North,Technology,Machines,5,0.1,3701.99,1172.85
ORD-2328,2024-05-09,2024-05-10,First Class,Corporate,South,Office Supplies,Paper,9,0.3,491.2,-18.89
ORD-2329,2023-02-24,2023-02-25,Standard Class,Consumer,East,Furniture,Chairs,9,0.3,3066.61,436.67
ORD-2330,2023-11-05,2023-11-07,Second Class,Corporate,West,Technology,Phones,9,0.1,1772.97,197.92
ORD-2331,2024-03-23,2024-03-29,Second Class,Corporate,South,Office Supplies,Storage,7,0.2,319.12,80.17
ORD-2332,2023-01-22,2023-01-29,First Class,Consumer,South,Technology,Accessories,1,0.3,1278.34,263.34
ORD-2333,2023-02-13,2023-02-18,Same Day,Consumer,North,Furniture,Chairs,7,0.0,3897.04,724.66
ORD-2334,2024-11-02,2024-11-09,Same Day,Corporate,North,Technology,Machines,2,0.4,240.81,2.28
ORD-2335,2023-03-30,2023-04-04,Standard Class,Consumer,South,Office Supplies,Binders,9,0.0,839.49,196.92
ORD-2336,2024-06-14,2024-06-17,Standard Class,Corporate,South,Technology,Copiers,2,0.0,395.91,112.9
ORD-2337,2024-08-29,2024-09-03,Second Class,Corporate,East,Office Supplies,Binders,3,0.1,435.39,82.13
ORD-2338,2023-07-21,2023-07-24,Second Class,Home Office,North,Office Supplies,Paper,3,0.3,141.88,-5.31
ORD-2339,2023-11-12,2023-11-16,First Class,Consumer,North,Technology,Phones,1,0.2,319.35,60.09
ORD-2340,2024-05-10,2024-05-14,Second Class,Corporate,West,Office Supplies,Binders,9,0.0,880.37,106.62
ORD-2341,2023-09-21,2023-09-28,Same Day,Consumer,South,Technology,Machines,1,0.0,893.34,175.96
ORD-2342,2024-02-13,2024-02-17,Standard Class,Corporate,West,Office Supplies,Paper,1,0.1,59.97,9.74
ORD-2343,2024-12-15,2024-12-16,Standard Class,Home Office,South,Technology,Copiers,3,0.0,4147.6,496.03
ORD-2344,2023-02-04,2023-02-10,Standard Class,Corporate,South,Office Supplies,Art,6,0.15,531.34,105.64
ORD-2345,2024-03-18,2024-03-21,Same Day,Consumer,South,Office Supplies,Storage,8,0.0,1141.89,380.19
ORD-2346,2024-08-19,2024-08-23,Second Class,Consumer,West,Furniture,Furnishings,3,0.2,575.74,41.09
ORD-2347,2024-03-22,2024-03-25,Standard Class,Corporate,South,Office Supplies,Binders,7,0.1,215.02,43.41
ORD-2348,2023-03-20,2023-03-25,Standard Class,Home Office,South,Technology,Machines,5,0.3,5840.37,336.91
ORD-2349,2024-08-13,2024-08-14,Same Day,Corporate,North,Technology,Phones,3,0.3,3264.21,451.58
ORD-2350,2023-01-17,2023-01-23,Standard Class,Consumer,West,Office Supplies,Art,4,0.0,377.16,106.14
ORD-2351,2023-12-12,2023-12-13,Same Day,Corporate,East,Technology,Machines,2,0.0,3588.67,855.31
ORD-2352,2024-03-30,2024-03-31,Standard Class,Consumer,North,Technology,Phones,9,0.0,13028.16,3821.22
ORD-2353,2023-04-06,2023-04-11,Standard Class,Corporate,South,Office Supplies,Storage,6,0.1,551.61,99.56
ORD-2354,2024-12-02,2024-12-09,Second Class,Consumer,South,Technology,Phones,1,0.2,1139.71,300.09
ORD-2355,2023-02-23,2023-02-24,Second Class,Consumer,South,Furniture,Tables,4,0.0,3135.24,684.18
ORD-2356,2024-07-04,2024-07-10,Standard Class,Consumer,South,Technology,Accessories,1,0.1,1121.87,372.94
ORD-2357,2024-02-15,2024-02-18,Standard Class,Corporate,North,Technology,Machines,1,0.0,107.05,19.62
ORD-2358,2023-03-19,2023-03-20,Standard Class,Consumer,East,Furniture,Furnishings,3,0.4,414.0,3.18
ORD-2359,2023-12-30,2024-01-05,First Class,Consumer,East,Furniture,Furnishings,6,0.0,5023.65,1232.9
ORD-2360,2023-10-10,2023-10-16,Standard Class,Corporate,North,Technology,Copiers,7,0.0,10117.82,1053.72
ORD-2361,2024-10-30,2024-11-05,Standard Class,Consumer,South,Office Supplies,Storage,5,0.2,406.55,110.25
ORD-2362,2024-09-01,2024-09-03,Standard Class,Consumer,South,Office Supplies,Art,1,0.15,41.46,5.15
ORD-2363,2023-10-16,2023-10-18,Second Class,Consumer,West,Technology,Copiers,8,0.3,6024.53,985.59
ORD-2364,2023-01-24,2023-01-29,Standard Class,Corporate,West,Furniture,Tables,9,0.1,2633.9,162.62
ORD-2365,2023-01-12,2023-01-16,Same Day,Consumer,West,Furniture,Chairs,3,0.0,1137.89,258.08
ORD-2366,2024-07-19,2024-07-21,Same Day,Home Office,North,Furniture,Tables,1,0.0,102.35,34.16
ORD-2367,2024-02-14,2024-02-20,Second Class,Consumer,South,Furniture,Furnishings,5,0.1,3514.93,985.82
ORD-2368,2024-01-15,2024-01-17,Standard Class,Corporate,North,Technology,Accessories,8,0.1,12875.15,3868.88
ORD-2369,2024-06-01,2024-06-07,Same Day,Consumer,South,Office Supplies,Binders,7,0.0,610.67,166.87
ORD-2370,2024-02-02,2024-02-05,Same Day,Corporate,South,Office Supplies,Paper,5,0.2,413.78,140.51
ORD-2371,2023-11-19,2023-11-26,Standard Class,Home Office,South,Technology,Phones,4,0.3,3507.45,394.57
ORD-2372,2023-03-30,2023-04-01,Same Day,Corporate,South,Office Supplies,Binders,7,0.0,1043.27,178.51
ORD-2373,2023-04-14,2023-04-20,Standard Class,Corporate,West,Office Supplies,Paper,7,0.1,277.5,86.41
ORD-2374,2023-10-31,2023-11-01,Standard Class,Corporate,West,Technology,Accessories,5,0.1,543.55,131.43
ORD-2375,2024-11-29,2024-12-02,Standard Class,Corporate,North,Technology,Accessories,5,0.1,6396.0,2232.32
ORD-2376,2024-01-29,2024-01-31,Same Day,Home Office,South,Office Supplies,Binders,2,0.0,172.21,13.41
ORD-2377,2024-11-24,2024-11-27,First Class,Corporate,South,Office Supplies,Paper,9,0.2,720.26,51.1
ORD-2378,2024-01-31,2024-02-02,First Class,Corporate,South,Technology,Phones,8,0.1,9153.76,1356.43
ORD-2379,2023-06-04,2023-06-07,First Class,Consumer,North,Office Supplies,Paper,1,0.0,11.49,2.86
ORD-2380,2023-01-30,2023-02-05,Second Class,Corporate,East,Furniture,Furnishings,4,0.3,405.26,85.56
ORD-2381,2024-04-09,2024-04-16,Standard Class,Corporate,North,Technology,Phones,4,0.1,3780.07,1003.14
ORD-2382,2023-03-31,2023-04-02,Standard Class,Home Office,South,Office Supplies,Binders,7,0.0,519.06,91.79
ORD-2383,2023-12-21,2023-12-26,Standard Class,Home Office,North,Office Supplies,Storage,6,0.5,606.23,-62.46
ORD-2384,2023-07-01,2023-07-03,Standard Class,Consumer,West,Technology,Machines,4,0.15,1513.66,352.03
ORD-2385,2023-05-23,2023-05-25,Standard Class,Consumer,North,Technology,Accessories,8,0.3,4188.04,890.95
ORD-2386,2023-08-08,2023-08-14,Standard Class,Corporate,East,Technology,Copiers,6,0.3,4569.52,620.6
ORD-2387,2024-09-20,2024-09-23,Second Class,Corporate,South,Office Supplies,Binders,4,0.4,493.25,60.4
ORD-2388,2023-01-01,2023-01-05,First Class,Corporate,South,Office Supplies,Storage,8,0.4,1030.89,-23.88
ORD-2389,2024-05-08,2024-05-09,Standard Class,Consumer,East,Office Supplies,Paper,4,0.1,382.58,128.37
ORD-2390,2023-01-05,2023-01-10,Standard Class,Corporate,East,Office Supplies,Binders,3,0.3,70.57,-1.72
ORD-2391,2024-08-05,2024-08-09,Standard Class,Consumer,East,Office Supplies,Paper,3,0.1,284.16,65.73
ORD-2392,2024-05-23,2024-05-24,Standard Class,Consumer,South,Office Supplies,Paper,6,0.1,297.01,80.12
ORD-2393,2024-08-16,2024-08-17,Standard Class,Consumer,East,Furniture,Chairs,4,0.15,2537.25,586.07
ORD-2394,2024-08-20,2024-08-23,First Class,Home Office,West,Office Supplies,Art,6,0.2,491.74,36.79
ORD-2395,2023-07-22,2023-07-25,Second Class,Home Office,South,Office Supplies,Art,6,0.5,459.13,16.89
ORD-2396,2024-08-09,2024-08-10,First Class,Home Office,South,Technology,Machines,9,0.15,3983.2,695.64
ORD-2397,2024-01-05,2024-01-10,Standard Class,Home Office,North,Office Supplies,Art,9,0.15,893.18,289.71
ORD-2398,2023-03-03,2023-03-06,Standard Class,Consumer,South,Furniture,Chairs,1,0.0,476.36,64.91
ORD-2399,2024-10-09,2024-10-11,Second Class,Consumer,North,Technology,Machines,1,0.4,1024.89,-81.37
ORD-2400,2024-03-22,2024-03-28,Standard Class,Corporate,North,Technology,Copiers,4,0.0,5462.02,1887.95
ORD-2401,2024-01-05,2024-01-10,Second Class,Consumer,South,Office Supplies,Storage,4,0.1,520.38,68.11
ORD-2402,2023-09-12,2023-09-18,Standard Class,Home Office,East,Technology,Accessories,2,0.1,2319.1,240.83
ORD-2403,2023-06-10,2023-06-15,Standard Class,Consumer,North,Office Supplies,Binders,5,0.0,137.14,24.51
ORD-2404,2024-04-18,2024-04-19,Standard Class,Home Office,North,Furniture,Furnishings,6,0.0,565.5,80.75
ORD-2405,2024-11-23,2024-11-29,Standard Class,Home Office,South,Office Supplies,Paper,4,0.0,258.14,39.09
ORD-2406,2023-04-14,2023-04-17,Standard Class,Consumer,West,Office Supplies,Binders,2,0.2,97.27,21.32
ORD-2407,2023-12-23,2023-12-29,Second Class,Consumer,West,Office Supplies,Art,6,0.1,450.53,114.88
ORD-2408,2024-12-31,2025-01-05,First Class,Corporate,North,Office Supplies,Binders,6,0.2,511.48,130.33
ORD-2409,2024-11-07,2024-11-11,Standard Class,Corporate,South,Office Supplies,Paper,3,0.1,363.37,110.47
ORD-2410,2023-05-10,2023-05-17,Same Day,Consumer,South,Technology,Machines,3,0.0,797.08,240.2
ORD-2411,2023-01-05,2023-01-09,Second Class,Home Office,East,Furniture,Bookcases,7,0.15,3346.62,453.44
ORD-2412,2023-03-29,2023-04-04,First Class,Corporate,West,Furniture,Bookcases,6,0.0,2802.32,503.1
ORD-2413,2024-06-05,2024-06-07,Standard Class,Corporate,East,Technology,Copiers,8,0.0,13727.55,1086.07
ORD-2414,2023-01-29,2023-02-02,Standard Class,Consumer,North,Furniture,Tables,5,0.0,2278.02,366.09
ORD-2415,2024-10-21,2024-10-24,Second Class,Corporate,North,Furniture,Bookcases,7,0.1,1629.91,316.58
ORD-2416,2024-10-09,2024-10-15,First Class,Corporate,North,Furniture,Furnishings,6,0.4,2734.83,454.92
ORD-2417,2023-11-10,2023-11-17,Standard Class,Consumer,South,Office Supplies,Storage,3,0.1,281.94,47.5
ORD-2418,2024-11-09,2024-11-11,Standard Class,Consumer,East,Office Supplies,Paper,7,0.1,553.23,53.48
ORD-2419,2023-05-13,2023-05-20,Standard Class,Consumer,North,Office Supplies,Binders,6,0.0,785.29,213.12
ORD-2420,2024-05-02,2024-05-08,Same Day,Corporate,West,Office Supplies,Art,5,0.3,168.8,-9.38
ORD-2421,2024-09-26,2024-10-02,Standard Class,Home Office,West,Furniture,Chairs,6,0.15,4428.61,1071.33
ORD-2422,2024-03-19,2024-03-24,Standard Class,Corporate,West,Office Supplies,Art,1,0.1,93.03,24.82
ORD-2423,2024-04-24,2024-04-30,Standard Class,Corporate,West,Furniture,Bookcases,8,0.1,1690.25,202.22
ORD-2424,2023-12-21,2023-12-27,Standard Class,Consumer,North,Furniture,Furnishings,3,0.0,2575.11,398.99
ORD-2425,2024-03-05,2024-03-11,Standard Class,Corporate,South,Office Supplies,Paper,3,0.5,236.86,-5.98
ORD-2426,2023-02-23,2023-02-24,Second Class,Home Office,South,Technology,Accessories,1,0.15,872.17,268.9
ORD-2427,2023-06-29,2023-07-03,Standard Class,Consumer,South,Office Supplies,Binders,7,0.15,945.58,48.96
ORD-2428,2023-12-27,2023-12-31,Second Class,Home Office,South,Technology,Accessories,2,0.4,1992.53,210.23
ORD-2429,2024-09-21,2024-09-25,Standard Class,Corporate,East,Office Supplies,Paper,2,0.0,154.2,46.09
ORD-2430,2023-11-20,2023-11-23,Standard Class,Consumer,West,Technology,Copiers,1,0.2,943.01,136.7
ORD-2431,2023-12-28,2024-01-01,Standard Class,Consumer,South,Technology,Accessories,9,0.0,5022.55,475.25
ORD-2432,2024-01-24,2024-01-25,Second Class,Consumer,East,Furniture,Tables,2,0.4,848.2,149.87
ORD-2433,2024-12-22,2024-12-25,First Class,Corporate,South,Furniture,Chairs,5,0.3,1635.83,119.39
ORD-2434,2024-05-22,2024-05-24,Standard Class,Consumer,North,Office Supplies,Art,2,0.1,251.39,87.61
ORD-2435,2024-07-12,2024-07-18,First Class,Consumer,South,Office Supplies,Art,3,0.0,365.79,70.23
ORD-2436,2024-08-13,2024-08-18,Second Class,Consumer,East,Office Supplies,Art,5,0.1,550.7,160.29
ORD-2437,2024-07-13,2024-07-15,Standard Class,Corporate,North,Furniture,Chairs,2,0.5,394.86,-43.8
ORD-2438,2023-12-05,2023-12-07,Standard Class,Consumer,North,Technology,Phones,6,0.1,5325.59,1245.83
ORD-2439,2023-06-12,2023-06-13,Standard Class,Consumer,West,Office Supplies,Art,7,0.0,643.45,92.06
ORD-2440,2023-04-28,2023-04-30,First Class,Corporate,East,Furniture,Furnishings,3,0.15,2499.69,833.66
ORD-2441,2024-09-19,2024-09-24,Standard Class,Corporate,West,Technology,Copiers,1,0.0,963.28,200.59
ORD-2442,2023-09-09,2023-09-15,Standard Class,Corporate,West,Office Supplies,Art,4,0.3,308.49,49.99
ORD-2443,2024-10-05,2024-10-06,Standard Class,Consumer,South,Office Supplies,Binders,7,0.2,56.48,5.22
ORD-2444,2024-03-31,2024-04-06,Second Class,Consumer,North,Technology,Phones,9,0.0,16104.11,4229.03
ORD-2445,2024-02-19,2024-02-21,Standard Class,Consumer,South,Office Supplies,Binders,7,0.0,677.84,169.51
ORD-2446,2023-05-31,2023-06-07,Same Day,Corporate,West,Furniture,Bookcases,1,0.0,740.68,149.05
ORD-2447,2023-08-19,2023-08-22,Standard Class,Consumer,East,Office Supplies,Storage,5,0.2,617.66,188.67
ORD-2448,2023-01-31,2023-02-06,Standard Class,Consumer,North,Office Supplies,Art,8,0.15,993.78,134.16
ORD-2449,2024-07-15,2024-07-16,First Class,Consumer,South,Office Supplies,Storage,2,0.3,260.53,41.62
ORD-2450,2023-05-19,2023-05-25,Second Class,Corporate,East,Technology,Machines,3,0.0,1026.63,103.23
ORD-2451,2024-04-27,2024-04-28,Standard Class,Consumer,South,Technology,Machines,5,0.2,7436.62,451.5
ORD-2452,2023-04-08,2023-04-15,First Class,Corporate,North,Furniture,Bookcases,7,0.3,3596.31,519.22
ORD-2453,2024-04-07,2024-04-14,Standard Class,Corporate,North,Furniture,Bookcases,3,0.15,1368.83,408.16
ORD-2454,2024-07-25,2024-07-29,Standard Class,Home Office,South,Technology,Machines,9,0.0,8751.98,2810.04
ORD-2455,2024-10-12,2024-10-18,First Class,Home Office,West,Furniture,Furnishings,7,0.0,2152.36,507.43
ORD-2456,2024-07-10,2024-07-17,Standard Class,Consumer,West,Furniture,Bookcases,4,0.0,1305.4,285.35
ORD-2457,2023-10-26,2023-10-28,First Class,Home Office,East,Office Supplies,Storage,4,0.3,219.37,12.65
ORD-2458,2024-03-16,2024-03-17,Standard Class,Home Office,West,Office Supplies,Paper,6,0.15,616.52,170.86
ORD-2459,2024-05-14,2024-05-20,Second Class,Home Office,East,Office Supplies,Binders,9,0.3,689.79,114.08
ORD-2460,2024-07-14,2024-07-20,Second Class,Home Office,South,Office Supplies,Paper,5,0.0,404.29,104.56
ORD-2461,2024-09-12,2024-09-13,Second Class,Consumer,South,Office Supplies,Art,9,0.0,310.95,59.33
ORD-2462,2023-03-30,2023-04-01,Standard Class,Corporate,East,Furniture,Furnishings,9,0.5,613.47,45.58
ORD-2463,2023-02-03,2023-02-06,Second Class,Home Office,North,Office Supplies,Binders,5,0.4,545.96,14.91
ORD-2464,2023-10-25,2023-10-30,First Class,Corporate,East,Technology,Copiers,3,0.5,4413.64,-100.42
ORD-2465,2024-04-10,2024-04-12,Standard Class,Consumer,West,Office Supplies,Binders,4,0.15,479.64,89.58
ORD-2466,2023-08-28,2023-08-31,Second Class,Corporate,South,Furniture,Tables,4,0.0,1674.61,162.65
ORD-2467,2023-06-03,2023-06-10,Standard Class,Corporate,South,Furniture,Furnishings,7,0.0,5126.41,887.01
ORD-2468,2023-11-15,2023-11-22,Same Day,Consumer,North,Furniture,Bookcases,5,0.2,4040.99,1050.45
ORD-2469,2023-08-20,2023-08-24,Standard Class,Consumer,East,Technology,Copiers,3,0.1,4997.6,1744.91
ORD-2470,2024-07-05,2024-07-12,Second Class,Corporate,North,Furniture,Bookcases,3,0.5,783.67,29.93
ORD-2471,2023-11-26,2023-12-03,Standard Class,Corporate,East,Technology,Machines,6,0.0,4402.66,1170.89
ORD-2472,2023-07-30,2023-08-02,Standard Class,Consumer,North,Technology,Copiers,3,0.0,156.6,17.07
ORD-2473,2024-11-19,2024-11-22,Standard Class,Consumer,South,Furniture,Chairs,4,0.0,1233.77,354.28
ORD-2474,2024-01-15,2024-01-17,Standard Class,Home Office,North,Office Supplies,Storage,1,0.2,124.4,11.59
ORD-2475,2024-12-16,2024-12-23,First Class,Consumer,South,Office Supplies,Storage,1,0.0,39.63,11.98
ORD-2476,2024-10-09,2024-10-15,Standard Class,Corporate,North,Furniture,Tables,1,0.2,128.31,36.08
ORD-2477,2024-05-13,2024-05-18,Standard Class,Corporate,South,Office Supplies,Storage,7,0.1,186.17,43.16
ORD-2478,2024-12-23,2024-12-30,Standard Class,Consumer,East,Technology,Accessories,5,0.0,4685.2,1596.81
ORD-2479,2024-08-30,2024-09-02,Second Class,Consumer,East,Technology,Copiers,7,0.15,7799.68,1136.91
ORD-2480,2024-04-08,2024-04-11,Standard Class,Consumer,West,Office Supplies,Paper,9,0.1,988.12,156.24
ORD-2481,2024-08-10,2024-08-16,Standard Class,Consumer,East,Office Supplies,Paper,2,0.0,296.24,93.3
ORD-2482,2024-11-01,2024-11-06,Standard Class,Consumer,West,Technology,Phones,3,0.2,3722.16,579.76
ORD-2483,2023-02-07,2023-02-08,Standard Class,Corporate,North,Technology,Accessories,7,0.3,5876.92,296.4
ORD-2484,2024-10-11,2024-10-16,First Class,Corporate,South,Office Supplies,Storage,2,0.1,196.62,21.06
ORD-2485,2024-06-18,2024-06-23,Standard Class,Corporate,West,Furniture,Tables,5,0.15,1272.76,366.18
ORD-2486,2024-07-15,2024-07-19,Second Class,Corporate,East,Office Supplies,Art,5,0.1,573.52,108.0
ORD-2487,2023-01-13,2023-01-19,Standard Class,Corporate,South,Furniture,Furnishings,1,0.2,643.86,218.91
ORD-2488,2023-12-15,2023-12-16,Standard Class,Consumer,South,Technology,Phones,2,0.0,1040.34,88.78
ORD-2489,2023-07-08,2023-07-14,Standard Class,Corporate,North,Furniture,Bookcases,4,0.2,1807.95,193.39
ORD-2490,2024-11-19,2024-11-22,First Class,Home Office,North,Office Supplies,Paper,3,0.0,442.09,51.28
ORD-2491,2024-09-29,2024-10-06,Second Class,Corporate,North,Office Supplies,Storage,8,0.0,608.04,60.06
ORD-2492,2023-04-29,2023-04-30,Standard Class,Consumer,South,Office Supplies,Binders,2,0.3,252.38,37.66
ORD-2493,2024-07-11,2024-07-18,Standard Class,Home Office,North,Furniture,Chairs,4,0.3,3042.22,471.7
ORD-2494,2024-06-27,2024-07-03,First Class,Corporate,West,Office Supplies,Binders,4,0.1,148.65,26.13
ORD-2495,2023-01-24,2023-01-29,Standard Class,Consumer,South,Office Supplies,Storage,3,0.0,426.78,100.48
ORD-2496,2023-07-31,2023-08-04,Same Day,Consumer,East,Office Supplies,Binders,9,0.0,1061.04,117.51
ORD-2497,2024-03-12,2024-03-18,First Class,Corporate,East,Furniture,Bookcases,2,0.1,932.77,193.87
ORD-2498,2023-09-22,2023-09-23,Standard Class,Consumer,West,Technology,Copiers,1,0.15,1400.07,271.38
ORD-2499,2024-10-31,2024-11-05,Standard Class,Home Office,South,Office Supplies,Paper,8,0.0,715.31,57.69
ORD-2500,2023-08-04,2023-08-09,Standard Class,Corporate,South,Office Supplies,Paper,2,0.1,26.76,8.07
ORD-2501,2023-06-24,2023-06-28,Same Day,Home Office,North,Technology,Accessories,1,0.4,406.11,68.72
ORD-2502,2024-04-15,2024-04-22,Second Class,Consumer,West,Technology,Phones,6,0.2,1158.96,333.52
ORD-2503,2024-01-16,2024-01-17,Standard Class,Corporate,West,Office Supplies,Storage,5,0.0,351.74,90.47
ORD-2504,2023-06-28,2023-07-02,Standard Class,Home Office,East,Office Supplies,Binders,3,0.2,373.37,106.14
ORD-2505,2024-08-17,2024-08-21,First Class,Consumer,South,Office Supplies,Storage,8,0.0,105.99,32.11
ORD-2506,2023-08-01,2023-08-08,Same Day,Consumer,North,Office Supplies,Art,9,0.15,1129.72,341.38
ORD-2507,2024-04-20,2024-04-22,Standard Class,Corporate,North,Technology,Copiers,9,0.1,8182.92,592.88
ORD-2508,2024-12-27,2025-01-03,Second Class,Consumer,North,Office Supplies,Storage,6,0.0,45.72,5.32
ORD-2509,2024-01-19,2024-01-24,Standard Class,Consumer,East,Technology,Phones,5,0.0,6461.47,1216.71
ORD-2510,2024-08-27,2024-08-28,Standard Class,Consumer,East,Office Supplies,Paper,5,0.1,627.1,96.25
ORD-2511,2024-01-08,2024-01-10,Standard Class,Corporate,South,Furniture,Furnishings,6,0.3,4890.38,-59.88
ORD-2512,2023-10-08,2023-10-14,Standard Class,Home Office,South,Office Supplies,Paper,9,0.0,1315.17,265.47
ORD-2513,2023-07-22,2023-07-27,Second Class,Corporate,East,Office Supplies,Paper,3,0.0,263.05,51.48
ORD-2514,2023-09-16,2023-09-18,Second Class,Consumer,North,Office Supplies,Paper,8,0.2,208.54,28.07
ORD-2515,2024-12-29,2024-12-31,Same Day,Corporate,West,Office Supplies,Art,8,0.2,751.93,62.89
ORD-2516,2023-09-23,2023-09-29,Second Class,Consumer,East,Office Supplies,Art,7,0.2,217.81,67.41
ORD-2517,2024-02-18,2024-02-20,First Class,Corporate,South,Office Supplies,Storage,2,0.3,34.2,5.22
ORD-2518,2024-05-01,2024-05-06,Standard Class,Consumer,South,Furniture,Chairs,9,0.15,3492.67,628.02
ORD-2519,2024-11-24,2024-11-30,Second Class,Corporate,North,Office Supplies,Paper,6,0.5,64.22,-4.55
ORD-2520,2024-05-02,2024-05-06,Standard Class,Home Office,North,Technology,Copiers,6,0.15,4343.61,232.16
ORD-2521,2024-04-28,2024-04-30,Standard Class,Corporate,East,Technology,Copiers,5,0.0,6972.41,1267.11
ORD-2522,2023-10-30,2023-11-03,Second Class,Consumer,West,Technology,Machines,1,0.1,1180.6,65.27
ORD-2523,2023-11-05,2023-11-09,Standard Class,Consumer,South,Furniture,Bookcases,4,0.2,1765.04,569.9
ORD-2524,2023-01-25,2023-01-28,Second Class,Consumer,North,Office Supplies,Paper,2,0.5,164.08,-2.04
ORD-2525,2024-08-12,2024-08-14,Standard Class,Home Office,South,Office Supplies,Paper,1,0.1,42.71,10.48
ORD-2526,2023-06-18,2023-06-19,Standard Class,Consumer,North,Office Supplies,Art,2,0.1,70.96,11.56
ORD-2527,2023-12-13,2023-12-17,Standard Class,Consumer,South,Office Supplies,Art,2,0.1,71.28,15.82
ORD-2528,2023-09-16,2023-09-21,Standard Class,Consumer,South,Furniture,Furnishings,6,0.3,4190.64,866.82
ORD-2529,2023-01-24,2023-01-30,Same Day,Corporate,South,Office Supplies,Paper,3,0.15,135.78,42.92
ORD-2530,2023-03-02,2023-03-07,Standard Class,Consumer,North,Office Supplies,Binders,9,0.0,55.19,5.34
ORD-2531,2023-08-20,2023-08-26,Standard Class,Consumer,West,Office Supplies,Binders,7,0.2,906.04,141.58
ORD-2532,2023-11-11,2023-11-15,Same Day,Corporate,West,Office Supplies,Binders,3,0.0,290.51,47.71
ORD-2533,2023-12-16,2023-12-19,Standard Class,Consumer,South,Office Supplies,Binders,7,0.0,504.88,61.87
ORD-2534,2023-05-29,2023-06-04,Standard Class,Home Office,South,Office Supplies,Paper,1,0.2,12.19,1.57
ORD-2535,2024-05-03,2024-05-10,First Class,Consumer,North,Office Supplies,Storage,3,0.0,239.96,16.19
ORD-2536,2023-06-25,2023-06-26,Second Class,Home Office,East,Technology,Accessories,7,0.3,6733.23,976.41
ORD-2537,2023-01-13,2023-01-16,Standard Class,Corporate,South,Technology,Phones,7,0.4,8449.45,-637.19
ORD-2538,2024-03-26,2024-04-02,Standard Class,Consumer,South,Office Supplies,Art,5,0.0,602.66,36.62
ORD-2539,2023-07-26,2023-08-01,Standard Class,Consumer,East,Office Supplies,Art,8,0.0,548.94,135.65
ORD-2540,2024-12-01,2024-12-02,First Class,Consumer,North,Furniture,Chairs,3,0.0,1965.68,419.82
ORD-2541,2023-04-26,2023-05-01,Second Class,Consumer,East,Technology,Copiers,3,0.2,162.48,50.84
ORD-2542,2024-01-27,2024-01-29,Standard Class,Consumer,North,Technology,Accessories,4,0.0,3957.03,566.68
ORD-2543,2024-01-26,2024-01-27,Standard Class,Consumer,South,Technology,Phones,3,0.4,3324.3,467.06
ORD-2544,2024-03-29,2024-04-01,Standard Class,Consumer,East,Office Supplies,Art,7,0.2,67.18,18.21
ORD-2545,2024-07-23,2024-07-24,First Class,Consumer,East,Office Supplies,Storage,4,0.4,451.06,-29.63
ORD-2546,2023-01-10,2023-01-16,Standard Class,Corporate,West,Technology,Machines,5,0.0,6238.52,1981.4
ORD-2547,2023-06-12,2023-06-14,First Class,Corporate,West,Office Supplies,Binders,6,0.4,613.76,92.46
ORD-2548,2023-09-27,2023-09-28,Same Day,Home Office,South,Technology,Phones,9,0.4,4315.36,593.93
ORD-2549,2023-11-19,2023-11-22,Same Day,Consumer,North,Technology,Phones,9,0.1,5826.49,353.38
ORD-2550,2023-12-23,2023-12-24,Standard Class,Corporate,North,Office Supplies,Art,2,0.1,116.49,32.05
ORD-2551,2023-03-28,2023-03-30,Standard Class,Consumer,South,Technology,Accessories,6,0.3,4323.48,767.01
ORD-2552,2023-12-16,2023-12-22,Standard Class,Consumer,East,Furniture,Bookcases,2,0.15,1216.28,348.36
ORD-2553,2023-02-04,2023-02-11,First Class,Corporate,South,Office Supplies,Art,2,0.0,76.03,6.41
ORD-2554,2023-10-20,2023-10-25,Standard Class,Corporate,North,Office Supplies,Binders,5,0.1,488.48,48.81
ORD-2555,2024-02-19,2024-02-24,Second Class,Home Office,North,Technology,Phones,7,0.2,8866.68,2257.94
ORD-2556,2023-04-07,2023-04-14,Standard Class,Corporate,West,Office Supplies,Art,6,0.1,394.32,116.5
ORD-2557,2023-11-25,2023-12-02,Standard Class,Home Office,East,Office Supplies,Paper,5,0.0,741.56,205.18
ORD-2558,2024-07-04,2024-07-09,Same Day,Corporate,North,Office Supplies,Binders,3,0.15,277.03,51.18
ORD-2559,2024-07-01,2024-07-05,Standard Class,Consumer,East,Technology,Phones,1,0.2,366.66,49.42
ORD-2560,2023-02-19,2023-02-23,Standard Class,Consumer,South,Office Supplies,Binders,1,0.15,8.09,1.34
ORD-2561,2023-12-30,2024-01-04,First Class,Corporate,North,Furniture,Chairs,6,0.5,3667.55,-522.09
ORD-2562,2023-08-13,2023-08-17,Standard Class,Consumer,South,Furniture,Furnishings,7,0.2,2135.37,700.29
ORD-2563,2024-07-15,2024-07-22,Standard Class,Consumer,East,Office Supplies,Art,2,0.3,26.84,-1.08
ORD-2564,2024-10-27,2024-10-31,Standard Class,Consumer,North,Technology,Accessories,8,0.1,7837.16,602.7
ORD-2565,2024-07-31,2024-08-05,Second Class,Corporate,South,Office Supplies,Paper,2,0.2,50.03,16.8
ORD-2566,2023-09-14,2023-09-20,Standard Class,Consumer,South,Office Supplies,Paper,1,0.15,84.69,7.61
ORD-2567,2024-12-28,2025-01-04,Same Day,Consumer,North,Technology,Accessories,6,0.1,6770.05,1054.67
ORD-2568,2023-04-19,2023-04-26,Second Class,Corporate,East,Office Supplies,Paper,2,0.0,139.96,46.24
ORD-2569,2024-05-18,2024-05-19,First Class,Consumer,South,Technology,Copiers,1,0.2,412.92,130.59
ORD-2570,2023-10-27,2023-10-29,Standard Class,Consumer,South,Office Supplies,Binders,7,0.0,449.61,74.3
ORD-2571,2023-02-14,2023-02-21,First Class,Home Office,North,Technology,Copiers,8,0.3,3758.79,607.68
ORD-2572,2024-11-15,2024-11-17,Standard Class,Home Office,South,Office Supplies,Storage,4,0.4,263.4,19.12
ORD-2573,2024-11-07,2024-11-13,Second Class,Home Office,East,Technology,Accessories,9,0.0,15352.59,5057.02
ORD-2574,2024-09-14,2024-09-16,Standard Class,Consumer,East,Office Supplies,Storage,6,0.0,494.9,139.99
ORD-2575,2023-06-28,2023-07-03,Standard Class,Home Office,North,Office Supplies,Binders,1,0.0,21.64,5.55
ORD-2576,2023-12-20,2023-12-26,Second Class,Home Office,North,Office Supplies,Storage,4,0.0,49.37,15.16
ORD-2577,2023-05-10,2023-05-14,Same Day,Home Office,South,Technology,Copiers,6,0.2,7278.42,1907.01
ORD-2578,2024-07-05,2024-07-09,Standard Class,Consumer,South,Office Supplies,Binders,7,0.1,365.67,74.02
ORD-2579,2024-05-09,2024-05-16,First Class,Consumer,North,Furniture,Chairs,9,0.0,3756.46,1202.53
ORD-2580,2023-01-23,2023-01-28,Second Class,Consumer,North,Technology,Accessories,3,0.0,4723.44,1173.33
ORD-2581,2024-04-03,2024-04-05,Same Day,Consumer,North,Furniture,Furnishings,9,0.0,2543.35,411.6
ORD-2582,2023-03-14,2023-03-15,First Class,Corporate,North,Technology,Accessories,4,0.15,2626.54,444.03
ORD-2583,2023-12-29,2024-01-03,First Class,Consumer,West,Technology,Machines,5,0.5,1055.42,52.62
ORD-2584,2023-03-03,2023-03-09,Standard Class,Consumer,North,Furniture,Furnishings,4,0.2,637.22,196.21
ORD-2585,2024-09-22,2024-09-23,Standard Class,Consumer,North,Technology,Accessories,4,0.3,5919.98,252.13
ORD-2586,2024-12-26,2024-12-31,First Class,Corporate,North,Furniture,Chairs,3,0.0,1339.46,143.71
ORD-2587,2023-05-22,2023-05-29,Same Day,Consumer,South,Furniture,Bookcases,8,0.0,1790.67,258.93
ORD-2588,2023-08-10,2023-08-11,Same Day,Consumer,North,Office Supplies,Paper,7,0.0,82.85,22.3
ORD-2589,2024-04-22,2024-04-28,Second Class,Consumer,North,Technology,Machines,3,0.0,4246.07,688.37
ORD-2590,2023-02-10,2023-02-13,Standard Class,Corporate,West,Office Supplies,Binders,6,0.0,316.83,63.56
ORD-2591,2024-09-24,2024-09-29,,Home Office,South,Office Supplies,Binders,8,0.2,93.38,23.4
ORD-2592,2023-04-02,2023-04-05,Second Class,Consumer,South,Furniture,Furnishings,2,0.15,993.47,132.91
ORD-2593,2024-04-13,2024-04-15,Standard Class,Consumer,North,Furniture,Furnishings,1,0.1,428.87,140.19
ORD-2594,2023-04-08,2023-04-15,Second Class,Consumer,East,Office Supplies,Art,2,0.15,272.19,64.57
ORD-2595,2023-12-16,2023-12-19,First Class,Home Office,North,Technology,Machines,9,0.0,2031.77,369.37
ORD-2596,2024-03-23,2024-03-25,First Class,Consumer,North,Technology,Copiers,8,0.1,11298.49,3106.23
ORD-2597,2024-02-24,2024-02-28,Second Class,Consumer,South,Office Supplies,Paper,3,0.2,120.68,28.62
ORD-2598,2023-09-17,2023-09-22,Same Day,Consumer,North,Furniture,Bookcases,1,0.15,379.33,132.5
ORD-2599,2024-02-23,2024-02-25,Second Class,Consumer,West,Office Supplies,Paper,7,0.4,712.09,67.73
ORD-2600,2024-11-15,2024-11-20,Standard Class,Consumer,North,Technology,Machines,1,0.2,280.12,91.51
ORD-2601,2024-07-16,2024-07-23,Standard Class,Consumer,South,Office Supplies,Paper,2,0.2,99.59,18.32
ORD-2602,2023-12-14,2023-12-19,First Class,Consumer,North,Office Supplies,Storage,2,0.5,122.11,11.4
ORD-2603,2024-07-29,2024-07-30,Standard Class,Consumer,East,Office Supplies,Binders,3,0.0,208.14,28.38
ORD-2604,2023-06-06,2023-06-07,Same Day,Consumer,South,Furniture,Tables,4,0.3,2123.09,140.59
ORD-2605,2024-07-19,2024-07-26,Second Class,Consumer,East,Office Supplies,Art,3,0.1,25.32,6.44
ORD-2606,2023-09-16,2023-09-17,Standard Class,Consumer,South,Furniture,Tables,3,0.4,1869.98,125.59
ORD-2607,2024-09-17,2024-09-23,Standard Class,Corporate,South,Technology,Phones,5,0.5,4636.55,579.71
ORD-2608,2023-03-18,2023-03-21,First Class,Consumer,South,Technology,Machines,8,0.4,707.41,132.1
ORD-2609,2024-10-17,2024-10-21,Standard Class,Corporate,East,Technology,Phones,2,0.0,381.18,50.65
ORD-2610,2024-10-11,2024-10-14,Second Class,Home Office,North,Office Supplies,Art,2,0.1,113.88,25.31
ORD-2611,2024-03-23,2024-03-27,Standard Class,Consumer,West,Office Supplies,Art,8,0.1,158.23,29.59
ORD-2612,2024-03-27,2024-04-02,First Class,Home Office,East,Office Supplies,Binders,3,0.2,378.02,56.56
ORD-2613,2024-07-19,2024-07-20,Standard Class,Home Office,South,Technology,Copiers,9,0.0,14343.74,3996.69
ORD-2614,2023-09-26,2023-09-30,Standard Class,Home Office,West,Furniture,Bookcases,5,0.2,830.62,104.35
ORD-2615,2024-03-30,2024-04-03,Standard Class,Consumer,North,Furniture,Tables,8,0.0,5491.76,569.22
ORD-2616,2023-08-20,2023-08-26,First Class,Consumer,North,Furniture,Tables,2,0.15,1573.8,182.7
ORD-2617,2023-09-20,2023-09-27,Second Class,Home Office,West,Office Supplies,Storage,6,0.0,668.85,126.41
ORD-2618,2023-08-22,2023-08-29,Second Class,Corporate,East,Office Supplies,Storage,2,0.4,130.52,4.46
ORD-2619,2024-12-29,2024-12-31,Standard Class,Home Office,North,Technology,Copiers,6,0.15,1879.54,371.09
ORD-2620,2023-02-27,2023-03-04,Standard Class,Consumer,North,Furniture,Bookcases,7,0.15,4234.05,1171.21
ORD-2621,2024-11-20,2024-11-27,Standard Class,Home Office,West,Office Supplies,Storage,6,0.2,207.19,62.99
ORD-2622,2024-07-16,2024-07-18,Same Day,Consumer,West,Furniture,Furnishings,4,0.15,1628.03,159.72
ORD-2623,2024-07-31,2024-08-02,Standard Class,Corporate,North,Furniture,Chairs,2,0.3,1487.67,49.06
ORD-2624,2023-03-29,2023-04-01,Standard Class,Consumer,East,Technology,Accessories,4,0.5,3361.41,263.65
ORD-2625,2024-03-03,2024-03-10,Second Class,Home Office,East,Office Supplies,Art,7,0.0,316.5,39.27
ORD-2626,2023-09-17,2023-09-18,Standard Class,Consumer,East,Furniture,Bookcases,2,0.3,704.81,97.44
ORD-2627,2023-10-21,2023-10-26,Standard Class,Home Office,West,Office Supplies,Art,3,0.0,43.27,13.39
ORD-2628,2024-12-08,2024-12-13,Second Class,Corporate,North,Furniture,Bookcases,8,0.0,3020.37,359.49
ORD-2629,2024-10-12,2024-10-14,Same Day,Corporate,South,Technology,Copiers,4,0.1,1583.86,204.24
ORD-2630,2024-12-02,2024-12-04,Standard Class,Consumer,West,Office Supplies,Art,1,0.0,107.38,28.18
ORD-2631,2024-02-07,2024-02-10,Standard Class,Consumer,South,Technology,Copiers,7,0.2,3985.68,524.44
ORD-2632,2024-08-16,2024-08-22,Standard Class,Corporate,North,Technology,Machines,7,0.1,1455.5,85.91
ORD-2633,2023-08-08,2023-08-12,Standard Class,Consumer,East,Office Supplies,Art,1,0.1,67.55,11.34
ORD-2634,2024-12-14,2024-12-18,First Class,Corporate,North,Technology,Accessories,5,0.1,8083.65,2114.06
ORD-2635,2023-06-23,2023-06-27,Standard Class,Corporate,South,Furniture,Bookcases,4,0.15,942.79,317.0
ORD-2636,2024-08-14,2024-08-18,Standard Class,Home Office,West,Furniture,Furnishings,6,0.5,1795.7,67.23
ORD-2637,2024-04-19,2024-04-26,Standard Class,Corporate,North,Office Supplies,Storage,8,0.3,823.77,-19.9
ORD-2638,2023-09-27,2023-09-29,Same Day,Corporate,East,Technology,Machines,8,0.2,4275.33,1384.06
ORD-2639,2024-04-29,2024-05-03,Standard Class,Corporate,North,Office Supplies,Storage,1,0.0,85.22,4.53
ORD-2640,2023-07-02,2023-07-03,Same Day,Consumer,North,Technology,Phones,1,0.15,232.0,69.77
ORD-2641,2023-08-28,2023-08-31,Standard Class,Corporate,South,Furniture,Tables,8,0.2,4211.96,237.88
ORD-2642,2023-10-07,2023-10-08,Standard Class,Home Office,West,Furniture,Furnishings,4,0.0,1773.15,468.93
ORD-2643,2024-06-03,2024-06-10,Second Class,Consumer,West,Office Supplies,Paper,5,0.0,557.6,141.14
ORD-2644,2024-06-09,2024-06-11,Standard Class,Home Office,West,Office Supplies,Binders,4,0.0,334.29,103.5
ORD-2645,2024-11-17,2024-11-23,Standard Class,Corporate,North,Technology,Phones,8,0.15,2011.14,251.1
ORD-2646,2023-01-27,2023-01-30,Standard Class,Home Office,South,Technology,Copiers,6,0.5,3506.6,-214.76
ORD-2647,2023-02-03,2023-02-06,Standard Class,Corporate,South,Technology,Copiers,7,0.1,7037.17,1461.47
ORD-2648,2024-05-06,2024-05-11,Second Class,Consumer,West,Technology,Machines,4,0.3,6240.14,-317.32
ORD-2649,2024-04-21,2024-04-28,Standard Class,Consumer,East,Technology,Accessories,7,0.0,10855.81,2659.27
ORD-2650,2023-11-25,2023-11-29,Same Day,Consumer,North,Office Supplies,Art,5,0.2,45.47,9.02
ORD-2651,2024-12-26,2025-01-02,Same Day,Consumer,South,Technology,Copiers,4,0.5,2596.78,77.28
ORD-2652,2024-12-12,2024-12-16,First Class,Consumer,North,Office Supplies,Art,2,0.0,225.14,44.99
ORD-2653,2023-01-27,2023-02-01,First Class,Consumer,South,Office Supplies,Storage,7,0.15,732.19,115.91
ORD-2654,2023-03-25,2023-03-27,Standard Class,Home Office,West,Furniture,Furnishings,8,0.0,1958.25,582.9
ORD-2655,2023-04-16,2023-04-19,Standard Class,Home Office,South,Technology,Accessories,5,0.1,8265.7,600.76
ORD-2656,2023-11-29,2023-11-30,Standard Class,Corporate,South,Technology,Copiers,1,0.1,693.4,159.61
ORD-2657,2024-11-05,2024-11-10,Second Class,Consumer,North,Office Supplies,Storage,5,0.0,447.91,34.66
ORD-2658,2024-02-01,2024-02-02,Same Day,Consumer,North,Technology,Copiers,7,0.15,1085.21,339.74
ORD-2659,2023-05-12,2023-05-14,First Class,Consumer,North,Office Supplies,Art,4,0.1,41.37,5.13
ORD-2660,2023-01-08,2023-01-12,Second Class,Consumer,North,Furniture,Chairs,4,0.2,2086.34,136.56
ORD-2661,2024-02-29,2024-03-02,Same Day,Home Office,North,Office Supplies,Storage,1,0.15,116.77,33.37
ORD-2662,2024-09-30,2024-10-01,Second Class,Consumer,North,Office Supplies,Storage,1,0.3,65.35,5.73
ORD-2663,2024-11-04,2024-11-10,Standard Class,Corporate,South,Furniture,Tables,5,0.4,2240.13,398.65
ORD-2664,2024-06-12,2024-06-16,Standard Class,Consumer,North,Furniture,Furnishings,4,0.15,1695.7,562.12
ORD-2665,2023-06-10,2023-06-17,Standard Class,Corporate,East,Furniture,Furnishings,9,0.1,722.98,176.44
ORD-2666,2023-10-11,2023-10-17,Standard Class,Corporate,South,Furniture,Furnishings,1,0.0,283.51,44.01
ORD-2667,2024-05-06,2024-05-13,Second Class,Consumer,South,Furniture,Furnishings,4,0.3,1246.75,177.8
ORD-2668,2024-08-19,2024-08-24,Same Day,Consumer,South,Office Supplies,Binders,5,0.3,247.65,36.8
ORD-2669,2024-07-14,2024-07-16,Same Day,Corporate,West,Office Supplies,Storage,5,0.0,163.71,33.29
ORD-2670,2024-12-20,2024-12-27,Standard Class,Consumer,North,Office Supplies,Binders,3,0.5,342.11,15.66
ORD-2671,2024-07-24,2024-07-26,First Class,Consumer,North,Technology,Copiers,8,0.0,10469.8,1887.59
ORD-2672,2024-11-04,2024-11-11,Standard Class,Consumer,South,Office Supplies,Binders,4,0.15,514.92,56.89
ORD-2673,2023-09-01,2023-09-05,Same Day,Corporate,East,Office Supplies,Binders,3,0.0,31.96,2.27
ORD-2674,2023-10-22,2023-10-25,Standard Class,Corporate,North,Furniture,Furnishings,7,0.0,1555.05,185.89
ORD-2675,2024-10-27,2024-10-30,Second Class,Home Office,East,Furniture,Chairs,3,0.2,272.78,41.3
ORD-2676,2024-06-10,2024-06-11,Standard Class,Consumer,South,Furniture,Chairs,6,0.15,1003.69,195.29
ORD-2677,2023-09-17,2023-09-18,Second Class,Consumer,South,Office Supplies,Art,8,0.0,443.78,34.0
ORD-2678,2023-02-15,2023-02-16,Same Day,Home Office,West,Office Supplies,Storage,8,0.3,831.88,81.88
ORD-2679,2024-12-31,2025-01-07,Second Class,Consumer,South,Technology,Phones,8,0.2,1145.95,400.48
ORD-2680,2024-04-05,2024-04-08,Standard Class,Consumer,North,Office Supplies,Storage,8,0.0,1138.29,263.81
ORD-2681,2024-06-07,2024-06-12,First Class,Consumer,East,Technology,Copiers,8,0.0,8842.12,2887.16
ORD-2682,2023-10-14,2023-10-18,Standard Class,Consumer,North,Furniture,Bookcases,2,0.1,703.28,83.1
ORD-2683,2024-02-02,2024-02-07,Same Day,Corporate,South,Technology,Machines,1,0.2,1007.71,180.74
ORD-2684,2023-07-26,2023-07-29,Standard Class,Corporate,West,Office Supplies,Paper,7,0.2,862.45,169.76
ORD-2685,2024-11-08,2024-11-09,First Class,Consumer,East,Furniture,Tables,6,0.0,4734.27,707.26
ORD-2686,2023-07-17,2023-07-23,Standard Class,Home Office,North,Furniture,Tables,2,0.0,1155.65,177.37
ORD-2687,2024-09-02,2024-09-09,Standard Class,Consumer,East,Technology,Machines,8,0.0,3252.11,748.53
ORD-2688,2023-01-14,2023-01-17,Standard Class,Home Office,North,Office Supplies,Paper,5,0.0,361.59,31.25
ORD-2689,2024-06-13,2024-06-17,Standard Class,Consumer,South,Office Supplies,Binders,5,0.0,503.0,87.12
ORD-2690,2024-05-16,2024-05-23,First Class,Consumer,North,Technology,Machines,9,0.1,7583.16,1272.97
ORD-2691,2023-10-18,2023-10-23,Standard Class,Consumer,North,Office Supplies,Binders,8,0.0,135.15,11.33
ORD-2692,2023-04-11,2023-04-12,Standard Class,Consumer,South,Technology,Machines,4,0.1,3029.54,741.15
ORD-2693,2023-10-04,2023-10-09,Standard Class,Consumer,East,Technology,Phones,5,0.0,4555.72,1472.89
ORD-2694,2023-06-16,2023-06-18,Standard Class,Home Office,South,Technology,Copiers,3,0.0,4901.32,1158.36
ORD-2695,2023-01-15,2023-01-21,Second Class,Corporate,South,Office Supplies,Art,1,0.1,68.17,13.58
ORD-2696,2024-04-10,2024-04-13,First Class,Consumer,East,Technology,Phones,1,0.15,167.66,20.84
ORD-2697,2023-01-04,2023-01-06,Same Day,Consumer,East,Furniture,Chairs,5,0.1,593.69,86.06
ORD-2698,2024-07-28,2024-08-03,Standard Class,Consumer,South,Office Supplies,Binders,4,0.15,301.81,99.89
ORD-2699,2024-08-28,2024-09-03,Standard Class,Consumer,North,Furniture,Bookcases,7,0.1,5947.86,582.14
ORD-2700,2024-09-23,2024-09-30,Standard Class,Corporate,West,Office Supplies,Binders,3,0.1,263.18,73.13
ORD-2701,2023-09-07,2023-09-14,First Class,Consumer,South,Furniture,Bookcases,4,0.15,255.04,44.1
ORD-2702,2024-02-02,2024-02-07,Standard Class,Consumer,West,Technology,Copiers,9,0.15,11033.6,1145.53
ORD-2703,2024-10-16,2024-10-18,Same Day,Consumer,East,Office Supplies,Binders,2,0.0,221.95,66.07
ORD-2704,2024-04-10,2024-04-17,Standard Class,Consumer,South,Technology,Machines,9,0.0,2268.08,198.12
ORD-2705,2023-03-03,2023-03-08,Standard Class,Consumer,South,Office Supplies,Binders,7,0.0,123.96,13.35
ORD-2706,2023-02-01,2023-02-07,Standard Class,Consumer,North,Furniture,Bookcases,2,0.4,510.14,-4.24
ORD-2707,2023-01-01,2023-01-02,Second Class,Consumer,North,Technology,Machines,5,0.2,6984.93,849.59
ORD-2708,2024-04-10,2024-04-13,Standard Class,Corporate,East,Furniture,Tables,6,0.5,2546.5,246.72
ORD-2709,2023-07-15,2023-07-16,Standard Class,Corporate,South,Furniture,Bookcases,1,0.2,404.19,92.42
ORD-2710,2023-07-04,2023-07-09,Standard Class,Corporate,North,Office Supplies,Binders,3,0.2,128.93,17.01
ORD-2711,2023-05-13,2023-05-17,Second Class,Home Office,East,Office Supplies,Paper,4,0.1,256.54,81.32
ORD-2712,2023-01-26,2023-02-02,Standard Class,Home Office,South,Technology,Phones,1,0.3,1556.47,-19.56
ORD-2713,2024-07-20,2024-07-21,Standard Class,Home Office,West,Technology,Machines,7,0.15,9048.78,1761.14
ORD-2714,2024-04-19,2024-04-26,Standard Class,Corporate,West,Furniture,Furnishings,8,0.2,4629.88,1475.91
ORD-2715,2024-10-12,2024-10-19,Standard Class,Consumer,South,Furniture,Chairs,6,0.0,2005.53,113.6
ORD-2716,2023-06-18,2023-06-21,Second Class,Consumer,South,Technology,Copiers,3,0.15,3713.22,746.32
ORD-2717,2023-04-26,2023-04-27,First Class,Corporate,East,Technology,Accessories,4,0.15,6145.95,1672.28
ORD-2718,2024-08-10,2024-08-12,Standard Class,Home Office,West,Technology,Machines,5,0.2,5737.14,416.16
ORD-2719,2023-06-24,2023-06-28,Second Class,Corporate,West,Office Supplies,Binders,6,0.15,495.04,143.46
ORD-2720,2024-02-16,2024-02-18,Standard Class,Corporate,South,Office Supplies,Binders,6,0.0,869.85,180.47
ORD-2721,2024-06-09,2024-06-14,Same Day,Corporate,South,Office Supplies,Storage,7,0.15,101.37,8.65
ORD-2722,2023-05-27,2023-05-28,Standard Class,Consumer,West,Furniture,Tables,9,0.3,2473.72,310.75
ORD-2723,2023-10-10,2023-10-13,Standard Class,Home Office,West,Office Supplies,Art,8,0.1,108.86,28.17
ORD-2724,2024-06-21,2024-06-25,Second Class,Consumer,South,Technology,Copiers,3,0.0,3658.91,1096.07
ORD-2725,2024-01-29,2024-02-04,Same Day,Home Office,South,Furniture,Furnishings,1,0.1,545.93,139.98
ORD-2726,2024-04-06,2024-04-08,Second Class,Home Office,West,Furniture,Chairs,6,0.15,1516.04,188.85
ORD-2727,2023-08-22,2023-08-28,Standard Class,Consumer,West,Office Supplies,Storage,7,0.2,411.05,73.55
ORD-2728,2024-06-26,2024-07-02,Standard Class,Home Office,South,Office Supplies,Storage,5,0.4,139.84,25.41
ORD-2729,2023-05-10,2023-05-12,Standard Class,Corporate,North,Office Supplies,Binders,5,0.1,451.93,131.87
ORD-2730,2023-09-05,2023-09-07,Standard Class,Consumer,South,Technology,Accessories,3,0.2,4423.14,533.12
ORD-2731,2023-03-24,2023-03-31,Standard Class,Consumer,East,Furniture,Tables,7,0.15,5079.54,1191.17
ORD-2732,2024-01-08,2024-01-12,Second Class,Home Office,South,Technology,Accessories,3,0.0,517.68,85.91
ORD-2733,2024-05-15,2024-05-22,Standard Class,Consumer,West,Technology,Accessories,9,0.0,13625.87,1415.63
ORD-2734,2024-06-19,2024-06-21,Standard Class,Corporate,East,Furniture,Furnishings,6,0.3,343.39,10.3
ORD-2735,2024-01-07,2024-01-08,Standard Class,Corporate,South,Technology,Copiers,7,0.0,6747.69,566.59
ORD-2736,2023-10-12,2023-10-18,First Class,Consumer,North,Office Supplies,Paper,4,0.0,116.58,15.07
ORD-2737,2024-04-11,2024-04-16,Standard Class,Consumer,West,Furniture,Tables,9,0.0,6636.32,1169.01
ORD-2738,2023-09-02,2023-09-06,Standard Class,Consumer,East,Technology,Copiers,5,0.5,3462.66,327.47
ORD-2739,2023-10-13,2023-10-16,Same Day,Consumer,East,Office Supplies,Paper,3,0.1,154.21,7.88
ORD-2740,2024-09-21,2024-09-22,Standard Class,Corporate,East,Furniture,Bookcases,4,0.2,1814.41,414.89
ORD-2741,2024-11-07,2024-11-14,Standard Class,Corporate,South,Office Supplies,Storage,7,0.15,363.53,40.51
ORD-2742,2024-04-12,2024-04-18,Standard Class,Corporate,South,Technology,Machines,4,0.0,3911.53,898.92
ORD-2743,2023-08-22,2023-08-23,Standard Class,Consumer,North,Technology,Accessories,4,0.0,5671.27,1577.52
ORD-2744,2023-07-25,2023-07-27,Second Class,Consumer,North,Furniture,Bookcases,7,0.15,1929.36,433.16
ORD-2745,2023-02-05,2023-02-11,Standard Class,Home Office,North,Technology,Accessories,7,0.4,3169.08,197.98
ORD-2746,2023-08-23,2023-08-28,First Class,Consumer,North,Technology,Copiers,4,0.2,961.59,188.25
ORD-2747,2023-01-17,2023-01-24,Standard Class,Corporate,East,Office Supplies,Paper,9,0.2,851.46,197.83
ORD-2748,2024-03-27,2024-04-02,Standard Class,Consumer,East,Furniture,Tables,2,0.15,794.62,170.35
ORD-2749,2023-04-14,2023-04-17,Standard Class,Home Office,North,Office Supplies,Binders,8,0.3,135.41,15.27
ORD-2750,2024-07-23,2024-07-27,Standard Class,Corporate,West,Furniture,Furnishings,8,0.15,1773.76,137.18
ORD-2751,2024-02-24,2024-02-27,Second Class,Home Office,East,Furniture,Tables,9,0.1,5479.69,802.36
ORD-2752,2023-08-22,2023-08-28,Same Day,Home Office,North,Furniture,Chairs,5,0.0,3069.07,507.22
ORD-2753,2024-08-04,2024-08-05,Second Class,Corporate,South,Furniture,Tables,8,0.3,5592.68,-244.08
ORD-2754,2023-02-01,2023-02-05,First Class,Corporate,South,Furniture,Furnishings,7,0.0,1770.31,508.14
ORD-2755,2024-08-07,2024-08-13,Standard Class,Corporate,South,Office Supplies,Binders,3,0.5,193.36,-24.35
ORD-2756,2024-11-20,2024-11-22,Standard Class,Consumer,East,Technology,Copiers,9,0.0,10720.71,3466.24
ORD-2757,2024-03-16,2024-03-19,Standard Class,Home Office,North,Office Supplies,Storage,7,0.5,158.61,20.78
ORD-2758,2023-09-13,2023-09-15,Standard Class,Corporate,East,Furniture,Chairs,8,0.0,2720.57,923.42
ORD-2759,2024-12-21,2024-12-28,Same Day,Consumer,North,Technology,Machines,2,0.5,1519.2,-114.91
ORD-2760,2023-01-07,2023-01-11,Second Class,Home Office,North,Office Supplies,Paper,3,0.15,76.3,16.98
ORD-2761,2024-11-29,2024-12-03,Standard Class,Corporate,North,Office Supplies,Art,9,0.2,692.65,174.44
ORD-2762,2024-07-06,2024-07-13,Standard Class,Corporate,East,Technology,Phones,9,0.1,2840.8,875.28
ORD-2763,2024-09-04,2024-09-05,First Class,Consumer,North,Technology,Copiers,6,0.0,9932.77,3080.64
ORD-2764,2024-01-04,2024-01-05,Second Class,Consumer,East,Technology,Accessories,5,0.1,7284.46,1458.35
ORD-2765,2023-12-04,2023-12-07,Standard Class,Corporate,East,Office Supplies,Binders,9,0.0,837.25,242.39
ORD-2766,2023-08-25,2023-08-30,Same Day,Home Office,South,Office Supplies,Storage,3,0.2,294.03,40.18
ORD-2767,2023-07-07,2023-07-11,Standard Class,Consumer,North,Office Supplies,Art,3,0.3,34.08,-1.74
ORD-2768,2024-02-03,2024-02-10,First Class,Consumer,South,Office Supplies,Paper,5,0.0,594.88,116.63
ORD-2769,2023-06-26,2023-06-27,Standard Class,Consumer,South,Technology,Copiers,9,0.1,15335.29,3636.64
ORD-2770,2024-03-27,2024-03-29,Second Class,Consumer,South,Office Supplies,Binders,5,0.0,72.02,9.49
ORD-2771,2024-04-26,2024-04-27,Second Class,Corporate,North,Office Supplies,Storage,4,0.0,386.6,129.2
ORD-2772,2023-12-24,2023-12-28,Second Class,Consumer,West,Office Supplies,Binders,7,0.0,326.55,56.19
ORD-2773,2023-03-03,2023-03-09,Standard Class,Consumer,West,Technology,Machines,7,0.1,3874.75,306.17
ORD-2774,2023-02-23,2023-03-02,First Class,Consumer,North,Office Supplies,Art,3,0.15,412.15,75.89
ORD-2775,2024-12-26,2024-12-28,Standard Class,Home Office,North,Furniture,Bookcases,4,0.1,1770.73,366.12
ORD-2776,2024-06-26,2024-07-03,First Class,Corporate,North,Furniture,Chairs,7,0.1,5864.75,1121.57
ORD-2777,2024-06-27,2024-06-28,Standard Class,Consumer,North,Office Supplies,Binders,4,0.15,216.26,35.28
ORD-2778,2023-12-14,2023-12-16,Same Day,Consumer,North,Technology,Machines,3,0.0,2650.91,214.63
ORD-2779,2024-08-12,2024-08-16,Standard Class,Corporate,South,Technology,Copiers,7,0.0,3993.32,1103.67
ORD-2780,2023-04-15,2023-04-20,Standard Class,Corporate,South,Office Supplies,Art,9,0.2,366.78,121.1
ORD-2781,2023-01-22,2023-01-29,Second Class,Consumer,East,Office Supplies,Art,4,0.15,88.79,17.17
ORD-2782,2023-06-20,2023-06-26,Standard Class,Consumer,South,Furniture,Tables,5,0.15,3052.84,410.66
ORD-2783,2023-08-08,2023-08-15,Standard Class,Corporate,South,Furniture,Chairs,3,0.0,2616.08,159.15
ORD-2784,2023-06-28,2023-07-03,Standard Class,Consumer,North,Office Supplies,Paper,5,0.0,448.59,156.61
ORD-2785,2023-12-31,2024-01-04,Standard Class,Corporate,West,Furniture,Tables,2,0.4,489.5,2.07
ORD-2786,2024-03-15,2024-03-22,First Class,Consumer,North,Technology,Accessories,4,0.0,4942.96,1553.01
ORD-2787,2024-10-18,2024-10-21,Standard Class,Consumer,West,Office Supplies,Storage,5,0.4,101.83,-1.91
ORD-2788,2024-11-02,2024-11-07,First Class,Consumer,South,Office Supplies,Art,4,0.0,233.65,73.66
ORD-2789,2023-02-15,2023-02-21,Standard Class,Consumer,West,Office Supplies,Art,7,0.0,80.57,17.27
ORD-2790,2023-09-29,2023-10-06,Standard Class,Corporate,West,Technology,Phones,5,0.2,4001.01,220.11
ORD-2791,2023-07-18,2023-07-19,Same Day,Consumer,East,Office Supplies,Binders,4,0.0,80.02,11.98
ORD-2792,2023-04-10,2023-04-17,Second Class,Consumer,North,Office Supplies,Paper,6,0.3,529.1,94.64
ORD-2793,2023-05-31,2023-06-07,First Class,Home Office,East,Technology,Machines,6,0.5,5546.3,-15.87
ORD-2794,2023-05-19,2023-05-20,Standard Class,Corporate,West,Furniture,Tables,1,0.0,875.32,117.84
ORD-2795,2023-05-29,2023-06-02,Standard Class,Home Office,West,Office Supplies,Binders,8,0.3,546.12,-33.13
ORD-2796,2024-05-07,2024-05-09,First Class,Consumer,East,Office Supplies,Paper,7,0.0,297.8,83.62
ORD-2797,2024-02-17,2024-02-23,Standard Class,Corporate,South,Technology,Copiers,4,0.1,3742.25,325.64
ORD-2798,2023-08-22,2023-08-23,First Class,Consumer,North,Office Supplies,Storage,5,0.0,596.99,191.34
ORD-2799,2023-04-27,2023-05-04,First Class,Consumer,South,Furniture,Bookcases,3,0.15,1881.63,480.85
ORD-2800,2023-12-26,2023-12-27,Standard Class,Corporate,East,Technology,Accessories,5,0.3,3381.22,-106.3
ORD-2801,2024-10-06,2024-10-13,Standard Class,Consumer,East,Technology,Machines,6,0.1,2365.72,571.66
ORD-2802,2023-10-24,2023-10-26,First Class,Home Office,South,Technology,Machines,6,0.0,10345.09,3367.35
ORD-2803,2023-10-21,2023-10-28,Standard Class,Corporate,North,Office Supplies,Art,1,0.1,37.03,4.95
ORD-2804,2023-06-02,2023-06-07,Second Class,Consumer,North,Technology,Phones,4,0.2,465.2,111.31
ORD-2805,2023-03-14,2023-03-19,First Class,Home Office,West,Furniture,Tables,3,0.0,949.7,53.83
ORD-2806,2024-01-31,2024-02-07,Standard Class,Consumer,East,Office Supplies,Paper,3,0.0,352.17,95.68
ORD-2807,2023-05-28,2023-06-02,Same Day,Corporate,South,Office Supplies,Paper,5,0.4,379.74,-40.0
ORD-2808,2024-03-11,2024-03-13,Standard Class,Consumer,South,Furniture,Chairs,6,0.0,3473.67,709.58
ORD-2809,2024-06-02,2024-06-08,Standard Class,Consumer,West,Technology,Phones,3,0.1,5059.22,1236.13
ORD-2810,2023-11-23,2023-11-28,Standard Class,Consumer,West,Office Supplies,Art,1,0.0,16.56,3.35
ORD-2811,2024-01-28,2024-02-01,Same Day,Corporate,South,Office Supplies,Binders,4,0.15,396.37,21.81
ORD-2812,2023-07-28,2023-07-29,Standard Class,Consumer,South,Furniture,Bookcases,4,0.0,2202.05,682.27
ORD-2813,2024-10-19,2024-10-20,Standard Class,Consumer,West,Office Supplies,Binders,8,0.1,378.18,53.76
ORD-2814,2024-11-22,2024-11-29,Standard Class,Consumer,North,Technology,Copiers,8,0.0,4613.66,729.59
ORD-2815,2023-02-10,2023-02-13,Standard Class,Consumer,North,Technology,Machines,1,0.3,1102.9,116.17
ORD-2816,2024-01-06,2024-01-07,Standard Class,Consumer,South,Office Supplies,Binders,4,0.4,315.02,-1.38
ORD-2817,2023-02-10,2023-02-17,Standard Class,Corporate,West,Technology,Machines,8,0.5,678.81,-10.02
ORD-2818,2023-07-25,2023-07-30,Second Class,Consumer,East,Office Supplies,Art,2,0.0,220.37,37.38
ORD-2819,2024-09-20,2024-09-26,Same Day,Home Office,North,Furniture,Bookcases,4,0.2,1262.64,65.41
ORD-2820,2024-01-12,2024-01-13,First Class,Consumer,South,Furniture,Bookcases,2,0.15,1384.26,335.9
ORD-2821,2023-11-09,2023-11-16,Standard Class,Home Office,South,Technology,Machines,5,0.15,5534.84,320.05
ORD-2822,2023-04-11,2023-04-17,Standard Class,Corporate,East,Furniture,Bookcases,5,0.4,301.6,34.11
ORD-2823,2023-01-12,2023-01-15,Standard Class,Consumer,South,Office Supplies,Storage,6,0.2,688.04,181.94
ORD-2824,2023-12-21,2023-12-28,First Class,Home Office,North,Office Supplies,Art,5,0.3,550.34,52.68
ORD-2825,2023-02-01,2023-02-08,First Class,Corporate,West,Office Supplies,Storage,4,0.0,139.11,47.46
ORD-2826,2024-05-10,2024-05-15,Same Day,Home Office,North,Office Supplies,Art,4,0.0,545.29,135.61
ORD-2827,2023-09-19,2023-09-24,Standard Class,Consumer,East,Office Supplies,Binders,4,0.15,457.98,64.45
ORD-2828,2023-06-13,2023-06-19,First Class,Corporate,West,Technology,Copiers,8,0.0,10874.67,1029.86
ORD-2829,2024-07-13,2024-07-18,Standard Class,Home Office,North,Furniture,Bookcases,4,0.0,2343.55,502.42
ORD-2830,2024-06-01,2024-06-03,Standard Class,Consumer,East,Office Supplies,Binders,6,0.0,276.72,75.7
ORD-2831,2023-04-04,2023-04-10,Second Class,Corporate,West,Furniture,Bookcases,2,0.0,1566.71,301.69
ORD-2832,2023-12-05,2023-12-07,First Class,Home Office,North,Furniture,Chairs,7,0.2,1238.08,259.19
ORD-2833,2024-08-06,2024-08-08,Second Class,Home Office,South,Office Supplies,Binders,5,0.4,591.39,-7.35
ORD-2834,2023-07-12,2023-07-18,Standard Class,Consumer,East,Furniture,Chairs,1,0.0,236.89,26.96
ORD-2835,2023-03-02,2023-03-08,Standard Class,Corporate,West,Furniture,Chairs,3,0.4,2199.23,144.35
ORD-2836,2024-07-08,2024-07-12,Standard Class,Consumer,North,Technology,Accessories,2,0.1,1782.19,360.28
ORD-2837,2023-08-26,2023-08-27,First Class,Consumer,North,Office Supplies,Art,1,0.1,9.39,0.66
ORD-2838,2023-01-01,2023-01-08,Standard Class,Corporate,South,Technology,Accessories,2,0.0,1382.97,379.57
ORD-2839,2023-12-26,2023-12-29,Standard Class,Corporate,West,Office Supplies,Storage,1,0.0,8.04,0.61
ORD-2840,2023-06-26,2023-06-29,Second Class,Consumer,West,Technology,Accessories,2,0.5,2403.61,171.72
ORD-2841,2024-07-01,2024-07-04,Standard Class,Home Office,West,Furniture,Chairs,8,0.0,1354.7,427.29
ORD-2842,2024-02-23,2024-02-26,Standard Class,Consumer,North,Furniture,Tables,8,0.0,1444.18,125.61
ORD-2843,2024-03-12,2024-03-17,Standard Class,Corporate,South,Technology,Phones,6,0.0,2484.04,720.27
ORD-2844,2023-10-20,2023-10-24,Second Class,Corporate,South,Furniture,Bookcases,1,0.15,343.02,40.22
ORD-2845,2023-08-12,2023-08-16,Second Class,Home Office,West,Technology,Copiers,1,0.1,1194.59,357.6
ORD-2846,2023-12-08,2023-12-10,Standard Class,Consumer,West,Technology,Copiers,4,0.4,4783.7,-148.56
ORD-2847,2024-10-25,2024-10-28,Standard Class,Consumer,South,Furniture,Bookcases,2,0.0,1570.35,540.17
ORD-2848,2023-04-27,2023-05-01,Same Day,Consumer,East,Technology,Copiers,6,0.3,5648.46,-21.18
ORD-2849,2023-08-27,2023-09-02,First Class,Consumer,South,Office Supplies,Binders,8,0.5,681.06,55.64
ORD-2850,2024-10-03,2024-10-10,Second Class,Consumer,West,Technology,Phones,9,0.1,6401.06,1664.63
ORD-2851,2024-09-06,2024-09-07,Standard Class,Consumer,South,Technology,Phones,7,0.0,1102.36,119.28
ORD-2852,2023-02-27,2023-02-28,Second Class,Home Office,North,Office Supplies,Paper,8,0.2,722.23,195.16
ORD-2853,2023-10-07,2023-10-10,Second Class,Consumer,South,Furniture,Tables,1,0.1,211.38,24.46
ORD-2854,2023-08-18,2023-08-23,Standard Class,Corporate,West,Furniture,Furnishings,4,0.2,1729.29,131.63
ORD-2855,2024-09-07,2024-09-09,Standard Class,Consumer,North,Technology,Machines,1,0.4,134.7,22.7
ORD-2856,2023-05-24,2023-05-25,Second Class,Corporate,North,Technology,Machines,4,0.1,746.65,223.86
ORD-2857,2023-02-09,2023-02-15,Standard Class,Consumer,East,Office Supplies,Binders,9,0.0,1301.26,454.72
ORD-2858,2023-10-03,2023-10-07,Standard Class,Home Office,North,Office Supplies,Storage,2,0.1,107.17,8.86
ORD-2859,2024-07-07,2024-07-12,Standard Class,Home Office,South,Technology,Copiers,9,0.3,11568.49,-646.84
ORD-2860,2024-09-28,2024-10-05,Standard Class,Consumer,West,Furniture,Chairs,5,0.15,2471.59,853.69
ORD-2861,2024-09-08,2024-09-13,First Class,Consumer,East,Furniture,Furnishings,4,0.2,3350.38,740.53
ORD-2862,2024-12-28,2025-01-01,Same Day,Consumer,South,Furniture,Bookcases,2,0.1,1512.34,122.47
ORD-2863,2024-12-04,2024-12-05,Standard Class,Corporate,North,Technology,Phones,5,0.1,2272.71,764.96
ORD-2864,2024-10-11,2024-10-12,Standard Class,Corporate,North,Office Supplies,Storage,6,0.1,194.7,44.79
ORD-2865,2024-09-20,2024-09-24,Standard Class,Home Office,East,Furniture,Chairs,5,0.1,1034.21,122.58
ORD-2866,2023-07-22,2023-07-26,Standard Class,Home Office,North,Office Supplies,Art,1,0.1,20.84,2.08
ORD-2867,2023-08-01,2023-08-07,Second Class,Consumer,East,Office Supplies,Binders,9,0.0,652.27,33.15
ORD-2868,2023-02-05,2023-02-08,Standard Class,Corporate,South,Furniture,Furnishings,2,0.15,1087.27,380.11
ORD-2869,2023-05-10,2023-05-11,Standard Class,Consumer,East,Technology,Copiers,1,0.1,1170.69,297.75
ORD-2870,2024-02-26,2024-02-29,Same Day,Corporate,South,Office Supplies,Paper,9,0.0,575.18,62.41
ORD-2871,2024-05-06,2024-05-10,Standard Class,Home Office,East,Technology,Phones,5,0.0,4882.82,1141.98
ORD-2872,2024-08-15,2024-08-21,Standard Class,Corporate,North,Office Supplies,Art,7,0.1,634.0,220.1
ORD-2873,2024-04-06,2024-04-11,Second Class,Consumer,South,Office Supplies,Art,5,0.15,593.78,170.48
ORD-2874,2024-10-16,2024-10-23,Standard Class,Consumer,South,Office Supplies,Art,9,0.2,92.1,28.45
ORD-2875,2024-08-19,2024-08-22,Second Class,Home Office,South,Office Supplies,Storage,7,0.0,108.78,32.94
ORD-2876,2024-08-03,2024-08-10,Standard Class,Home Office,West,Office Supplies,Paper,1,0.15,38.27,4.82
ORD-2877,2024-09-12,2024-09-15,Standard Class,Corporate,South,Office Supplies,Storage,7,0.3,538.9,36.76
ORD-2878,2023-02-01,2023-02-02,Standard Class,Home Office,East,Technology,Accessories,3,0.4,4224.87,138.82
ORD-2879,2024-04-07,2024-04-12,,Corporate,North,Furniture,Chairs,4,0.0,1402.66,128.27
ORD-2880,2024-06-01,2024-06-07,Second Class,Home Office,West,Office Supplies,Binders,2,0.15,170.83,17.37
ORD-2881,2024-02-25,2024-02-26,Second Class,Consumer,North,Office Supplies,Art,4,0.15,554.34,51.41
ORD-2882,2023-08-04,2023-08-05,Second Class,Home Office,East,Furniture,Bookcases,3,0.1,2342.75,710.42
ORD-2883,2024-11-09,2024-11-16,Same Day,Home Office,North,Office Supplies,Binders,3,0.1,197.8,30.54
ORD-2884,2023-09-16,2023-09-22,Standard Class,Corporate,South,Office Supplies,Binders,4,0.3,21.64,4.61
ORD-2885,2024-07-28,2024-07-31,Standard Class,Corporate,West,Office Supplies,Storage,5,0.15,323.71,93.6
ORD-2886,2024-11-12,2024-11-13,First Class,Consumer,West,Office Supplies,Storage,9,0.1,930.76,151.23
ORD-2887,2023-08-13,2023-08-14,Same Day,Corporate,West,Office Supplies,Art,1,0.1,105.06,7.5
ORD-2888,2024-09-28,2024-10-04,Standard Class,Corporate,West,Technology,Phones,9,0.0,14481.12,4031.24
ORD-2889,2024-08-28,2024-09-01,Standard Class,Consumer,West,Office Supplies,Paper,1,0.1,26.97,2.37
ORD-2890,2024-01-21,2024-01-23,Second Class,Consumer,South,Technology,Phones,2,0.0,2126.99,662.02
ORD-2891,2023-07-23,2023-07-26,First Class,Consumer,South,Technology,Accessories,9,0.0,5578.43,829.17
ORD-2892,2023-08-13,2023-08-19,Same Day,Consumer,North,Office Supplies,Paper,3,0.2,183.19,26.36
ORD-2893,2024-08-18,2024-08-24,Standard Class,Consumer,West,Furniture,Bookcases,5,0.0,3902.12,630.15
ORD-2894,2023-07-23,2023-07-27,Standard Class,Home Office,West,Technology,Copiers,8,0.0,8592.31,2889.35
ORD-2895,2023-05-17,2023-05-23,Standard Class,Consumer,South,Furniture,Furnishings,3,0.1,845.31,119.58
ORD-2896,2024-05-29,2024-05-31,Standard Class,Home Office,North,Furniture,Tables,3,0.15,889.01,232.19
ORD-2897,2023-10-21,2023-10-26,Same Day,Corporate,East,Office Supplies,Art,5,0.15,396.09,77.63
ORD-2898,2023-10-18,2023-10-25,Standard Class,Consumer,North,Furniture,Furnishings,5,0.1,1544.36,450.9
ORD-2899,2024-04-11,2024-04-12,Standard Class,Corporate,South,Office Supplies,Paper,6,0.0,783.05,213.4
ORD-2900,2023-01-21,2023-01-22,First Class,Consumer,North,Office Supplies,Art,9,0.15,264.67,22.44
ORD-2901,2023-09-29,2023-10-03,Standard Class,Corporate,East,Office Supplies,Binders,3,0.1,336.27,113.06
ORD-2902,2023-05-08,2023-05-14,,Consumer,East,Office Supplies,Binders,7,0.2,933.71,311.98
ORD-2903,2024-12-17,2024-12-21,First Class,Consumer,East,Furniture,Chairs,2,0.0,143.21,25.07
ORD-2904,2024-07-16,2024-07-23,Standard Class,Consumer,South,Technology,Machines,2,0.1,1020.45,285.88
ORD-2905,2023-02-27,2023-03-05,First Class,Corporate,North,Technology,Phones,1,0.0,1693.53,592.49
ORD-2906,2024-11-15,2024-11-20,Standard Class,Consumer,South,Technology,Phones,1,0.15,1689.29,414.28
ORD-2907,2024-12-20,2024-12-21,First Class,Home Office,North,Furniture,Chairs,9,0.0,5951.64,2077.92
ORD-2908,2023-09-25,2023-09-30,First Class,Consumer,North,Office Supplies,Storage,4,0.0,491.69,62.19
ORD-2909,2023-09-24,2023-09-26,Standard Class,Corporate,East,Office Supplies,Storage,3,0.1,133.24,10.33
ORD-2910,2023-07-22,2023-07-29,Second Class,Consumer,West,Furniture,Furnishings,1,0.5,594.98,-47.25
ORD-2911,2023-06-22,2023-06-28,Standard Class,Consumer,East,Furniture,Bookcases,5,0.15,3162.23,634.57
ORD-2912,2024-12-17,2024-12-20,Same Day,Consumer,West,Technology,Machines,1,0.15,699.62,43.6
ORD-2913,2024-11-10,2024-11-15,First Class,Consumer,North,Office Supplies,Storage,5,0.0,690.52,224.58
ORD-2914,2024-01-18,2024-01-19,Standard Class,Consumer,West,Technology,Copiers,9,0.2,8199.65,2674.6
ORD-2915,2024-03-13,2024-03-20,Standard Class,Corporate,North,Office Supplies,Binders,8,0.15,580.25,158.2
ORD-2916,2023-07-30,2023-08-04,Standard Class,Consumer,South,Furniture,Furnishings,2,0.0,1746.93,579.34
ORD-2917,2023-09-14,2023-09-20,First Class,Consumer,South,Office Supplies,Paper,3,0.0,120.22,13.35
ORD-2918,2024-04-27,2024-04-28,Standard Class,Consumer,North,Furniture,Chairs,7,0.2,4463.96,900.55
ORD-2919,2023-06-21,2023-06-23,Second Class,Corporate,North,Office Supplies,Storage,9,0.5,64.49,1.43
ORD-2920,2023-08-09,2023-08-10,Standard Class,Consumer,East,Technology,Machines,8,0.15,641.59,145.2
ORD-2921,2024-09-16,2024-09-18,Second Class,Corporate,North,Technology,Accessories,6,0.0,1456.61,377.07
ORD-2922,2024-04-08,2024-04-10,First Class,Home Office,East,Office Supplies,Storage,8,0.0,487.55,44.32
ORD-2923,2024-07-05,2024-07-09,Same Day,Consumer,South,Office Supplies,Storage,5,0.2,547.38,169.61
ORD-2924,2023-08-21,2023-08-28,First Class,Corporate,West,Office Supplies,Art,5,0.2,65.4,3.99
ORD-2925,2023-08-14,2023-08-17,Standard Class,Consumer,East,Technology,Copiers,2,0.15,2285.74,722.36
ORD-2926,2024-05-31,2024-06-04,Standard Class,Consumer,East,Office Supplies,Paper,5,0.15,195.27,48.78
ORD-2927,2024-10-29,2024-10-30,Standard Class,Consumer,South,Office Supplies,Art,8,0.0,761.33,217.55
ORD-2928,2024-04-07,2024-04-11,First Class,Corporate,East,Office Supplies,Binders,6,0.2,200.02,49.24
ORD-2929,2024-12-24,2024-12-30,Second Class,Corporate,West,Office Supplies,Storage,6,0.0,319.89,99.5
ORD-2930,2024-12-11,2024-12-18,Same Day,Home Office,West,Office Supplies,Binders,3,0.5,255.44,-5.7
ORD-2931,2023-01-25,2023-01-31,Second Class,Consumer,West,Technology,Machines,6,0.2,8359.34,447.75
ORD-2932,2023-02-06,2023-02-12,Standard Class,Corporate,East,Furniture,Furnishings,7,0.15,4853.16,648.61
ORD-2933,2023-03-02,2023-03-05,Second Class,Home Office,North,Office Supplies,Storage,7,0.0,806.61,142.84
ORD-2934,2024-06-30,2024-07-06,Same Day,Consumer,South,Furniture,Chairs,8,0.15,3601.65,298.79
ORD-2935,2023-01-26,2023-01-31,First Class,Consumer,South,Office Supplies,Binders,9,0.0,1318.52,98.5
ORD-2936,2023-01-25,2023-01-27,Standard Class,Consumer,North,Technology,Accessories,4,0.1,1232.23,409.31
ORD-2937,2024-07-05,2024-07-11,Standard Class,Corporate,South,Furniture,Bookcases,3,0.15,722.83,144.29
ORD-2938,2024-08-18,2024-08-21,Same Day,Consumer,North,Technology,Copiers,5,0.0,2809.23,746.71
ORD-2939,2023-09-18,2023-09-24,Same Day,Home Office,South,Office Supplies,Binders,3,0.0,125.99,14.21
ORD-2940,2023-09-02,2023-09-04,Standard Class,Corporate,North,Technology,Machines,2,0.3,2532.38,-46.97
ORD-2941,2023-12-13,2023-12-15,Standard Class,Corporate,East,Technology,Machines,1,0.2,506.5,158.12
ORD-2942,2023-04-14,2023-04-17,Standard Class,Consumer,West,Office Supplies,Binders,6,0.2,691.5,241.45
ORD-2943,2023-06-16,2023-06-18,Standard Class,Corporate,West,Technology,Copiers,1,0.2,279.25,75.59
ORD-2944,2023-11-22,2023-11-28,Standard Class,Corporate,East,Office Supplies,Paper,6,0.15,693.39,42.72
ORD-2945,2024-09-23,2024-09-30,Standard Class,Consumer,South,Technology,Copiers,7,0.2,6586.59,1962.44
ORD-2946,2024-07-03,2024-07-08,Standard Class,Corporate,South,Office Supplies,Art,8,0.0,955.89,48.08
ORD-2947,2024-01-29,2024-02-03,Standard Class,Consumer,East,Furniture,Tables,6,0.0,705.47,198.49
ORD-2948,2023-05-08,2023-05-12,Second Class,Corporate,West,Technology,Copiers,7,0.0,4431.86,1354.68
ORD-2949,2023-02-25,2023-02-26,Standard Class,Corporate,West,Office Supplies,Storage,5,0.0,722.3,144.24
ORD-2950,2023-06-03,2023-06-09,Second Class,Corporate,North,Technology,Accessories,4,0.1,1992.35,352.46
ORD-2951,2024-08-06,2024-08-10,Standard Class,Consumer,West,Office Supplies,Binders,8,0.15,998.34,235.85
ORD-2952,2023-11-16,2023-11-20,Standard Class,Home Office,South,Furniture,Furnishings,8,0.0,5084.62,1082.55
ORD-2953,2024-08-10,2024-08-17,Second Class,Home Office,North,Furniture,Bookcases,1,0.1,785.13,172.11
ORD-2954,2024-10-06,2024-10-11,Same Day,Corporate,East,Technology,Phones,9,0.2,8278.45,1400.97
ORD-2955,2024-06-11,2024-06-16,Standard Class,Consumer,South,Technology,Machines,1,0.15,1671.94,494.42
ORD-2956,2024-07-19,2024-07-26,Second Class,Consumer,South,Technology,Copiers,2,0.3,675.91,-12.08
ORD-2957,2023-03-15,2023-03-20,Standard Class,Corporate,North,Office Supplies,Storage,4,0.5,177.9,7.15
ORD-2958,2024-02-02,2024-02-08,Second Class,Corporate,East,Office Supplies,Paper,7,0.0,774.9,111.57
ORD-2959,2023-11-07,2023-11-13,First Class,Corporate,East,Technology,Accessories,2,0.0,2243.75,706.68
ORD-2960,2023-06-11,2023-06-16,Same Day,Home Office,East,Office Supplies,Paper,5,0.0,112.16,27.79
ORD-2961,2024-02-21,2024-02-22,Standard Class,Corporate,West,Furniture,Chairs,5,0.0,2256.21,644.27
ORD-2962,2023-05-14,2023-05-20,Second Class,Consumer,South,Furniture,Chairs,4,0.0,3026.99,638.22
ORD-2963,2023-11-16,2023-11-23,Second Class,Consumer,South,Technology,Phones,2,0.15,3234.34,469.01
ORD-2964,2023-07-13,2023-07-20,Standard Class,Home Office,South,Office Supplies,Art,8,0.15,478.39,54.82
ORD-2965,2023-06-20,2023-06-22,Standard Class,Corporate,South,Technology,Copiers,6,0.0,2556.25,756.93
ORD-2966,2024-04-11,2024-04-13,Standard Class,Consumer,South,Furniture,Furnishings,2,0.15,1421.44,106.73
ORD-2967,2023-09-19,2023-09-26,First Class,Consumer,East,Technology,Copiers,5,0.1,4889.78,439.43
ORD-2968,2024-04-07,2024-04-10,Standard Class,Corporate,East,Office Supplies,Storage,4,0.0,565.54,171.79
ORD-2969,2024-01-08,2024-01-10,Standard Class,Corporate,East,Furniture,Bookcases,6,0.0,2901.04,793.01
ORD-2970,2023-09-26,2023-09-27,Same Day,Corporate,North,Office Supplies,Storage,6,0.2,196.54,17.2
ORD-2971,2024-02-25,2024-03-03,Same Day,Consumer,South,Office Supplies,Art,2,0.0,208.86,19.62
ORD-2972,2023-07-01,2023-07-02,Standard Class,Consumer,South,Technology,Copiers,1,0.2,54.57,16.51
ORD-2973,2023-10-27,2023-11-02,Same Day,Consumer,West,Office Supplies,Storage,8,0.0,319.91,62.59
ORD-2974,2024-11-13,2024-11-20,Standard Class,Corporate,West,Office Supplies,Paper,8,0.0,771.28,243.6
ORD-2975,2023-10-27,2023-11-02,Second Class,Consumer,South,Furniture,Bookcases,5,0.0,2421.8,451.3
ORD-2976,2024-07-29,2024-08-02,Standard Class,Consumer,South,Office Supplies,Paper,9,0.4,629.18,-26.87
ORD-2977,2024-10-05,2024-10-08,Standard Class,Consumer,North,Technology,Phones,3,0.1,2898.4,715.33
ORD-2978,2024-04-11,2024-04-15,Standard Class,Corporate,East,Technology,Copiers,5,0.0,5870.41,1238.91
ORD-2979,2023-05-12,2023-05-17,Standard Class,Consumer,North,Office Supplies,Art,8,0.0,53.9,17.64
ORD-2980,2023-02-06,2023-02-10,Standard Class,Consumer,North,Furniture,Chairs,5,0.1,4246.8,1357.98
ORD-2981,2023-04-24,2023-05-01,Second Class,Consumer,North,Office Supplies,Art,7,0.0,84.57,12.32
ORD-2982,2024-01-19,2024-01-21,Standard Class,Corporate,West,Office Supplies,Art,5,0.2,291.65,83.78
ORD-2983,2023-12-06,2023-12-09,Standard Class,Corporate,East,Technology,Accessories,5,0.5,1824.73,86.85
ORD-2984,2023-03-05,2023-03-07,Standard Class,Corporate,North,Office Supplies,Art,1,0.0,76.94,5.38
ORD-2985,2024-10-19,2024-10-21,Standard Class,Home Office,East,Furniture,Furnishings,9,0.0,7538.09,496.39
ORD-2986,2024-03-08,2024-03-11,Second Class,Corporate,South,Furniture,Tables,3,0.0,738.18,198.46
ORD-2987,2024-02-28,2024-02-29,Standard Class,Corporate,South,Furniture,Bookcases,4,0.4,224.83,-11.91
ORD-2988,2023-12-05,2023-12-10,Standard Class,Consumer,North,Furniture,Bookcases,1,0.2,118.8,16.54
ORD-2989,2023-04-18,2023-04-23,First Class,Consumer,West,Technology,Machines,4,0.3,3392.36,-155.18
ORD-2990,2023-05-11,2023-05-16,Standard Class,Home Office,West,Technology,Phones,5,0.0,895.26,50.74
ORD-2991,2023-10-28,2023-10-31,Standard Class,Consumer,East,Technology,Accessories,6,0.0,3410.21,735.77
ORD-2992,2024-06-09,2024-06-12,Second Class,Consumer,North,Furniture,Furnishings,7,0.15,3451.98,732.44
ORD-2993,2024-06-12,2024-06-16,Standard Class,Consumer,North,Technology,Machines,9,0.1,10554.03,3261.36
ORD-2994,2023-03-22,2023-03-27,Second Class,Corporate,West,Technology,Machines,4,0.0,2517.11,368.35
ORD-2995,2023-09-16,2023-09-20,First Class,Home Office,East,Office Supplies,Storage,6,0.0,295.17,27.18
ORD-2996,2023-12-26,2023-12-31,Standard Class,Consumer,West,Office Supplies,Art,5,0.0,380.19,104.06
ORD-2997,2024-11-29,2024-12-03,,Consumer,West,Furniture,Chairs,3,0.1,1983.47,587.48
ORD-2998,2024-05-16,2024-05-18,Second Class,Corporate,North,Furniture,Bookcases,6,0.15,4073.36,649.44
ORD-2999,2023-05-03,2023-05-08,Standard Class,Consumer,North,Office Supplies,Paper,9,0.15,297.17,89.98
ORD-3000,2023-11-03,2023-11-07,Standard Class,Consumer,West,Office Supplies,Binders,1,0.0,93.74,18.28
ORD-3001,2023-07-30,2023-07-31,Second Class,Corporate,North,Technology,Accessories,6,0.4,5318.45,883.67
ORD-3002,2024-08-31,2024-09-06,Same Day,Home Office,West,Office Supplies,Paper,7,0.0,453.0,77.23
ORD-3003,2023-12-05,2023-12-10,Standard Class,Consumer,North,Furniture,Tables,4,0.15,1763.87,510.1
ORD-3004,2023-09-26,2023-09-29,Same Day,Home Office,East,Technology,Accessories,9,0.1,13483.72,2945.82
ORD-3005,2023-03-15,2023-03-22,First Class,Consumer,South,Office Supplies,Binders,8,0.15,300.04,104.72
ORD-3006,2024-05-21,2024-05-23,Standard Class,Consumer,North,Office Supplies,Paper,9,0.1,868.15,143.42
ORD-3007,2024-07-04,2024-07-06,Standard Class,Home Office,West,Technology,Accessories,8,0.0,452.89,111.27
ORD-3008,2024-10-31,2024-11-02,Same Day,Corporate,South,Technology,Accessories,8,0.15,2153.44,145.0
ORD-3009,2023-09-04,2023-09-10,Standard Class,Home Office,North,Office Supplies,Paper,1,0.1,141.88,40.51
ORD-3010,2023-07-02,2023-07-04,Same Day,Home Office,East,Office Supplies,Art,1,0.15,129.95,36.08
ORD-3011,2024-08-02,2024-08-03,Same Day,Consumer,North,Technology,Copiers,7,0.1,971.31,231.78
ORD-3012,2023-03-27,2023-03-31,Second Class,Corporate,East,Technology,Accessories,1,0.0,695.99,225.62
ORD-3013,2024-05-13,2024-05-18,Same Day,Corporate,North,Office Supplies,Storage,9,0.15,1111.52,234.85
ORD-3014,2024-02-29,2024-03-04,Same Day,Consumer,West,Technology,Machines,4,0.15,919.76,191.38
ORD-3015,2024-05-01,2024-05-02,Standard Class,Corporate,East,Furniture,Bookcases,2,0.0,1729.96,294.42
ORD-3016,2023-08-10,2023-08-17,Standard Class,Consumer,East,Technology,Copiers,9,0.0,4090.33,339.6
ORD-3017,2024-07-01,2024-07-06,Second Class,Consumer,North,Technology,Machines,5,0.0,6198.99,1377.71
ORD-3018,2024-03-12,2024-03-16,Standard Class,Consumer,North,Technology,Machines,2,0.4,1952.78,-207.37
ORD-3019,2024-05-14,2024-05-16,Standard Class,Home Office,South,Office Supplies,Binders,3,0.0,195.23,39.36
ORD-3020,2023-06-15,2023-06-19,Standard Class,Consumer,South,Furniture,Tables,1,0.0,782.35,155.4
ORD-3021,2024-06-25,2024-06-30,Standard Class,Consumer,East,Technology,Machines,8,0.4,6198.07,-300.45
ORD-3022,2023-12-23,2023-12-26,Standard Class,Home Office,North,Technology,Phones,3,0.2,1017.87,345.57
ORD-3023,2023-08-17,2023-08-20,Same Day,Home Office,East,Office Supplies,Storage,4,0.1,30.59,3.75
ORD-3024,2024-12-17,2024-12-21,First Class,Corporate,South,Office Supplies,Storage,3,0.1,284.26,38.62
ORD-3025,2023-09-29,2023-10-05,,Corporate,East,Technology,Machines,1,0.0,1436.15,455.68
ORD-3026,2023-08-27,2023-08-31,,Home Office,West,Technology,Accessories,5,0.0,5967.23,969.87
ORD-3027,2023-05-23,2023-05-25,Standard Class,Consumer,South,Office Supplies,Art,5,0.0,55.77,6.52
ORD-3028,2024-11-11,2024-11-14,Standard Class,Corporate,North,Office Supplies,Paper,2,0.0,168.01,57.4
ORD-3029,2024-09-09,2024-09-15,Standard Class,Home Office,North,Office Supplies,Binders,1,0.5,38.89,-0.68
ORD-3030,2023-08-11,2023-08-14,Second Class,Home Office,South,Office Supplies,Storage,4,0.0,595.12,83.85
ORD-3031,2024-05-31,2024-06-04,Standard Class,Consumer,East,Furniture,Bookcases,4,0.1,1387.11,239.17
ORD-3032,2024-12-27,2025-01-03,Standard Class,Corporate,North,Office Supplies,Paper,1,0.3,105.61,8.72
ORD-3033,2023-03-23,2023-03-28,Same Day,Consumer,North,Furniture,Furnishings,7,0.3,2117.32,-31.61
ORD-3034,2023-05-15,2023-05-22,Second Class,Corporate,North,Furniture,Chairs,7,0.5,2718.02,-215.64
ORD-3035,2024-12-02,2024-12-08,Standard Class,Consumer,East,Technology,Accessories,8,0.1,1228.03,309.3
ORD-3036,2023-05-08,2023-05-14,Second Class,Consumer,East,Office Supplies,Binders,3,0.0,172.66,59.13
ORD-3037,2024-11-21,2024-11-24,Standard Class,Consumer,North,Furniture,Tables,5,0.3,1456.79,40.56
ORD-3038,2023-09-18,2023-09-21,Standard Class,Home Office,East,Office Supplies,Binders,9,0.0,742.03,122.43
ORD-3039,2024-10-15,2024-10-22,First Class,Corporate,North,Office Supplies,Storage,1,0.15,135.84,39.62
ORD-3040,2024-10-10,2024-10-17,Second Class,Corporate,East,Technology,Phones,3,0.5,741.09,-15.32
ORD-3041,2024-11-17,2024-11-24,Standard Class,Consumer,North,Furniture,Furnishings,3,0.3,680.54,18.1
ORD-3042,2023-11-03,2023-11-06,Second Class,Consumer,South,Office Supplies,Paper,2,0.1,141.57,35.67
ORD-3043,2024-10-16,2024-10-18,Second Class,Consumer,North,Furniture,Bookcases,7,0.0,4207.28,743.72
ORD-3044,2023-07-19,2023-07-26,Standard Class,Consumer,South,Office Supplies,Art,7,0.2,49.11,12.53
ORD-3045,2023-11-07,2023-11-08,Standard Class,Consumer,East,Office Supplies,Art,9,0.2,886.5,172.23
ORD-3046,2023-07-28,2023-07-30,Standard Class,Home Office,East,Office Supplies,Paper,7,0.15,764.25,39.01
ORD-3047,2023-02-05,2023-02-10,Standard Class,Corporate,South,Office Supplies,Paper,8,0.0,904.46,93.2
ORD-3048,2023-04-18,2023-04-24,Standard Class,Consumer,South,Technology,Phones,2,0.0,1621.14,129.58
ORD-3049,2023-02-28,2023-03-07,Standard Class,Home Office,South,Office Supplies,Binders,7,0.0,746.6,98.97
ORD-3050,2023-03-22,2023-03-23,First Class,Consumer,South,Technology,Copiers,1,0.2,1194.38,403.86
ORD-3051,2023-08-20,2023-08-22,Standard Class,Corporate,North,Office Supplies,Binders,5,0.2,334.67,59.57
ORD-3052,2024-01-08,2024-01-13,Same Day,Consumer,North,Office Supplies,Art,9,0.3,384.12,8.63
ORD-3053,2024-03-09,2024-03-12,Second Class,Consumer,South,Technology,Copiers,4,0.15,2572.22,394.5
ORD-3054,2024-04-07,2024-04-11,Standard Class,Consumer,South,Office Supplies,Art,7,0.0,860.66,239.37
ORD-3055,2024-05-06,2024-05-08,Second Class,Consumer,West,Office Supplies,Paper,4,0.0,206.69,52.98
ORD-3056,2023-09-16,2023-09-20,Standard Class,Consumer,South,Technology,Copiers,5,0.15,7542.96,1113.65
ORD-3057,2023-08-12,2023-08-13,Same Day,Home Office,South,Office Supplies,Art,8,0.15,198.95,14.57
ORD-3058,2024-03-26,2024-03-30,Same Day,Consumer,South,Furniture,Tables,4,0.1,1966.59,258.09
ORD-3059,2023-04-28,2023-05-03,Same Day,Consumer,West,Office Supplies,Art,8,0.2,106.79,29.37
ORD-3060,2023-05-15,2023-05-20,Second Class,Consumer,East,Furniture,Tables,4,0.2,1857.25,454.74
ORD-3061,2023-07-14,2023-07-21,Standard Class,Corporate,West,Furniture,Furnishings,1,0.15,736.47,234.34
ORD-3062,2023-03-18,2023-03-24,First Class,Consumer,East,Office Supplies,Paper,1,0.4,87.7,6.58
ORD-3063,2023-08-24,2023-08-27,Standard Class,Corporate,West,Office Supplies,Paper,6,0.0,355.76,35.52
ORD-3064,2023-02-20,2023-02-26,Same Day,Consumer,South,Technology,Machines,4,0.1,1625.7,481.82
ORD-3065,2023-05-01,2023-05-06,Standard Class,Corporate,South,Technology,Machines,5,0.5,350.78,-15.81
ORD-3066,2023-04-20,2023-04-27,Second Class,Consumer,South,Office Supplies,Storage,9,0.4,929.85,23.85
ORD-3067,2023-06-28,2023-07-03,First Class,Consumer,South,Office Supplies,Binders,3,0.0,243.52,55.48
ORD-3068,2023-09-05,2023-09-06,Standard Class,Home Office,North,Office Supplies,Paper,5,0.5,517.22,-71.54
ORD-3069,2023-01-27,2023-01-28,Standard Class,Corporate,East,Technology,Phones,4,0.1,6710.11,1259.61
ORD-3070,2023-08-28,2023-08-31,Standard Class,Consumer,East,Office Supplies,Binders,5,0.15,699.61,154.56
ORD-3071,2023-11-25,2023-11-27,Standard Class,Consumer,North,Furniture,Bookcases,8,0.2,4546.66,430.7
ORD-3072,2023-04-02,2023-04-06,Standard Class,Corporate,West,Technology,Accessories,5,0.0,7901.34,2500.99
ORD-3073,2023-01-31,2023-02-07,Second Class,Consumer,East,Furniture,Tables,7,0.1,1527.88,151.53
ORD-3074,2023-01-06,2023-01-07,Standard Class,Corporate,East,Office Supplies,Storage,5,0.0,184.15,24.5
ORD-3075,2023-11-03,2023-11-07,Standard Class,Consumer,South,Office Supplies,Storage,4,0.0,244.25,37.77
ORD-3076,2023-08-29,2023-08-30,Same Day,Consumer,West,Furniture,Furnishings,3,0.5,1910.82,-225.32
ORD-3077,2023-10-15,2023-10-19,Second Class,Consumer,North,Office Supplies,Art,2,0.1,162.3,9.31
ORD-3078,2023-01-05,2023-01-08,Standard Class,Consumer,West,Office Supplies,Storage,8,0.0,120.69,22.35
ORD-3079,2023-02-11,2023-02-12,Standard Class,Consumer,South,Furniture,Chairs,8,0.0,5839.36,1405.07
ORD-3080,2024-10-14,2024-10-18,Second Class,Home Office,East,Office Supplies,Binders,2,0.0,10.32,2.16
ORD-3081,2024-02-06,2024-02-12,First Class,Corporate,North,Office Supplies,Paper,7,0.0,302.82,23.56
ORD-3082,2023-05-13,2023-05-18,Standard Class,Corporate,North,Office Supplies,Storage,7,0.15,80.13,9.8
ORD-3083,2024-07-09,2024-07-13,Same Day,Consumer,South,Technology,Machines,5,0.15,728.77,209.56
ORD-3084,2023-12-07,2023-12-12,First Class,Consumer,East,Office Supplies,Art,6,0.3,501.43,29.02
ORD-3085,2024-04-19,2024-04-21,First Class,Corporate,West,Technology,Machines,9,0.15,11821.33,733.78
ORD-3086,2024-12-10,2024-12-13,Standard Class,Home Office,South,Office Supplies,Storage,8,0.3,789.94,116.21
ORD-3087,2023-02-05,2023-02-12,Standard Class,Corporate,East,Furniture,Chairs,4,0.4,985.85,182.08
ORD-3088,2024-03-12,2024-03-18,Standard Class,Corporate,West,Technology,Machines,6,0.0,6469.6,2073.5
ORD-3089,2023-11-28,2023-11-30,Second Class,Consumer,South,Furniture,Bookcases,9,0.5,5427.32,246.13
ORD-3090,2024-04-03,2024-04-06,Standard Class,Consumer,South,Technology,Copiers,8,0.5,3512.51,-159.93
ORD-3091,2024-03-25,2024-04-01,Second Class,Home Office,South,Office Supplies,Art,7,0.1,639.54,192.87
ORD-3092,2024-11-21,2024-11-23,Standard Class,Consumer,East,Technology,Phones,5,0.0,1349.55,215.07
ORD-3093,2023-12-27,2024-01-02,Second Class,Home Office,South,Office Supplies,Paper,4,0.15,426.31,71.85
ORD-3094,2023-09-29,2023-10-06,Same Day,Corporate,East,Technology,Accessories,8,0.0,11732.49,2850.15
ORD-3095,2024-12-22,2024-12-27,Same Day,Consumer,North,Technology,Accessories,6,0.1,8582.58,2786.21
ORD-3096,2024-09-18,2024-09-19,Second Class,Home Office,North,Technology,Phones,7,0.0,10662.75,642.31
ORD-3097,2024-06-23,2024-06-29,Second Class,Consumer,South,Technology,Machines,4,0.2,4722.82,932.31
ORD-3098,2024-06-08,2024-06-12,Second Class,Consumer,South,Technology,Copiers,1,0.15,863.56,129.57
ORD-3099,2024-07-20,2024-07-24,Same Day,Home Office,East,Furniture,Tables,8,0.15,6536.1,689.04
ORD-3100,2024-07-16,2024-07-23,Standard Class,Corporate,West,Office Supplies,Paper,2,0.1,168.22,45.26
ORD-3101,2023-05-20,2023-05-25,Same Day,Corporate,East,Office Supplies,Paper,3,0.2,183.72,44.81
ORD-3102,2023-01-11,2023-01-14,First Class,Consumer,South,Technology,Accessories,2,0.3,2873.91,446.99
ORD-3103,2023-08-04,2023-08-11,Standard Class,Consumer,North,Office Supplies,Paper,2,0.15,119.7,34.52
ORD-3104,2023-05-20,2023-05-22,Standard Class,Corporate,South,Office Supplies,Binders,7,0.15,902.69,313.89
ORD-3105,2023-03-04,2023-03-08,Same Day,Corporate,South,Technology,Machines,4,0.2,5013.67,994.48
ORD-3106,2024-03-28,2024-03-31,Standard Class,Consumer,North,Office Supplies,Storage,6,0.5,50.49,2.26
ORD-3107,2023-10-24,2023-10-26,Standard Class,Corporate,South,Furniture,Bookcases,7,0.15,589.74,118.52
ORD-3108,2023-02-01,2023-02-07,Standard Class,Consumer,North,Technology,Machines,5,0.1,3744.61,291.83
ORD-3109,2024-05-16,2024-05-19,Second Class,Consumer,North,Furniture,Tables,2,0.5,632.87,-29.42
ORD-3110,2024-11-08,2024-11-15,Standard Class,Home Office,South,Office Supplies,Art,2,0.0,191.24,66.37
ORD-3111,2024-05-23,2024-05-26,First Class,Corporate,South,Furniture,Furnishings,5,0.1,1865.3,483.54
ORD-3112,2023-05-08,2023-05-14,Standard Class,Consumer,West,Furniture,Furnishings,9,0.2,6494.23,1762.2
ORD-3113,2023-06-27,2023-06-30,Standard Class,Consumer,West,Office Supplies,Binders,3,0.0,353.59,116.71
ORD-3114,2023-11-13,2023-11-17,First Class,Corporate,East,Furniture,Furnishings,6,0.2,1883.45,468.32
ORD-3115,2024-01-02,2024-01-03,Standard Class,Corporate,West,Office Supplies,Art,1,0.4,75.74,10.76
ORD-3116,2023-03-13,2023-03-14,Standard Class,Consumer,West,Furniture,Bookcases,2,0.1,894.62,249.32
ORD-3117,2023-04-17,2023-04-21,Standard Class,Consumer,North,Technology,Machines,6,0.1,1450.77,268.37
ORD-3118,2023-05-12,2023-05-13,Second Class,Corporate,South,Office Supplies,Storage,4,0.0,43.69,14.27
ORD-3119,2024-08-04,2024-08-09,Second Class,Corporate,North,Technology,Machines,3,0.0,554.28,118.15
ORD-3120,2024-07-13,2024-07-20,Standard Class,Home Office,West,Office Supplies,Paper,8,0.1,435.5,49.6
ORD-3121,2024-03-08,2024-03-10,Standard Class,Corporate,East,Technology,Copiers,1,0.15,1100.31,267.01
ORD-3122,2023-04-15,2023-04-20,Standard Class,Corporate,South,Office Supplies,Paper,5,0.2,194.87,34.08
ORD-3123,2024-09-18,2024-09-25,Standard Class,Home Office,West,Office Supplies,Paper,7,0.1,764.99,97.72
ORD-3124,2023-02-02,2023-02-03,Second Class,Consumer,West,Furniture,Tables,3,0.0,2411.86,464.61
ORD-3125,2024-09-15,2024-09-19,Standard Class,Home Office,North,Furniture,Bookcases,5,0.5,2911.39,6.65
ORD-3126,2023-04-04,2023-04-05,Second Class,Consumer,North,Furniture,Tables,1,0.0,703.69,218.76
ORD-3127,2024-01-12,2024-01-13,First Class,Consumer,South,Office Supplies,Binders,4,0.15,547.06,81.84
ORD-3128,2024-11-26,2024-11-27,First Class,Consumer,West,Furniture,Bookcases,6,0.0,420.38,58.01
ORD-3129,2024-03-17,2024-03-20,First Class,Corporate,South,Technology,Copiers,6,0.1,879.04,219.15
ORD-3130,2023-05-23,2023-05-30,Standard Class,Consumer,South,Furniture,Chairs,9,0.3,2809.95,172.79
ORD-3131,2024-04-17,2024-04-21,Second Class,Consumer,South,Office Supplies,Binders,9,0.0,568.61,34.3
ORD-3132,2024-02-06,2024-02-07,First Class,Home Office,South,Office Supplies,Art,7,0.15,279.62,93.65
ORD-3133,2024-05-23,2024-05-28,First Class,Corporate,North,Furniture,Furnishings,8,0.1,5291.36,755.23
ORD-3134,2023-03-22,2023-03-26,Standard Class,Corporate,South,Technology,Machines,8,0.15,11352.88,2083.76
ORD-3135,2023-08-19,2023-08-26,Same Day,Corporate,West,Office Supplies,Binders,5,0.0,719.92,116.72
ORD-3136,2024-09-12,2024-09-16,Second Class,Consumer,South,Office Supplies,Binders,9,0.15,986.48,183.64
ORD-3137,2024-05-05,2024-05-06,Standard Class,Consumer,North,Office Supplies,Binders,5,0.0,149.53,47.28
ORD-3138,2024-01-07,2024-01-14,Second Class,Consumer,South,Office Supplies,Art,1,0.3,92.03,13.65
ORD-3139,2024-03-12,2024-03-13,Standard Class,Corporate,West,Technology,Phones,5,0.0,4031.36,433.35
ORD-3140,2024-10-12,2024-10-14,Same Day,Corporate,South,Furniture,Chairs,1,0.0,482.29,30.42
ORD-3141,2023-03-30,2023-04-01,Standard Class,Corporate,North,Office Supplies,Binders,8,0.0,728.27,80.54
ORD-3142,2024-04-29,2024-05-02,Standard Class,Consumer,North,Office Supplies,Paper,3,0.15,339.05,112.73
ORD-3143,2024-09-10,2024-09-15,First Class,Corporate,South,Furniture,Tables,6,0.2,4885.25,613.96
ORD-3144,2024-05-30,2024-06-06,First Class,Consumer,North,Office Supplies,Art,3,0.4,337.08,-5.61
ORD-3145,2024-10-01,2024-10-08,Standard Class,Corporate,South,Technology,Copiers,3,0.1,2124.51,148.48
ORD-3146,2024-08-08,2024-08-14,Standard Class,Consumer,South,Technology,Accessories,4,0.5,298.83,-25.17
ORD-3147,2023-11-06,2023-11-13,First Class,Corporate,South,Technology,Machines,1,0.3,901.18,11.11
ORD-3148,2024-03-01,2024-03-04,Same Day,Consumer,West,Technology,Phones,8,0.3,2481.27,530.71
ORD-3149,2024-01-06,2024-01-07,Standard Class,Home Office,West,Technology,Machines,5,0.4,2891.82,25.76
ORD-3150,2023-10-13,2023-10-14,Standard Class,Consumer,South,Furniture,Bookcases,3,0.3,2069.07,426.76
ORD-3151,2023-08-24,2023-08-29,Second Class,Consumer,South,Furniture,Furnishings,9,0.5,688.42,-28.75
ORD-3152,2023-07-06,2023-07-08,Standard Class,Home Office,East,Office Supplies,Paper,8,0.0,294.84,62.02
ORD-3153,2024-03-15,2024-03-21,Second Class,Home Office,South,Office Supplies,Art,7,0.0,977.35,70.52
ORD-3154,2024-08-15,2024-08-16,Standard Class,Corporate,West,Technology,Machines,3,0.0,1896.6,325.68
ORD-3155,2023-03-31,2023-04-06,Standard Class,Consumer,West,Technology,Machines,4,0.1,5119.23,849.53
ORD-3156,2024-01-27,2024-02-02,Same Day,Corporate,North,Furniture,Chairs,9,0.0,7920.93,2756.72
ORD-3157,2024-06-11,2024-06-15,Standard Class,Consumer,South,Office Supplies,Storage,3,0.0,110.44,37.72
ORD-3158,2023-09-17,2023-09-21,Standard Class,Consumer,South,Technology,Accessories,9,0.0,2145.37,422.43
ORD-3159,2023-02-07,2023-02-10,Same Day,Corporate,East,Technology,Copiers,2,0.0,2788.48,364.76
ORD-3160,2024-05-26,2024-05-31,Second Class,Corporate,East,Technology,Copiers,2,0.2,1378.08,345.9
ORD-3161,2023-05-05,2023-05-11,Standard Class,Consumer,West,Technology,Phones,5,0.3,6420.97,95.55
ORD-3162,2024-08-05,2024-08-12,Standard Class,Home Office,South,Office Supplies,Binders,9,0.1,711.53,67.73
ORD-3163,2024-05-21,2024-05-22,Second Class,Consumer,South,Furniture,Bookcases,2,0.1,622.99,211.22
ORD-3164,2024-03-22,2024-03-28,Second Class,Consumer,East,Office Supplies,Paper,8,0.0,858.14,223.13
ORD-3165,2023-11-13,2023-11-17,Same Day,Consumer,South,Office Supplies,Art,8,0.0,497.24,74.71
ORD-3166,2023-11-26,2023-11-30,Second Class,Consumer,North,Technology,Copiers,5,0.0,7867.96,766.57
ORD-3167,2024-01-25,2024-01-27,First Class,Corporate,East,Technology,Machines,9,0.0,12818.03,2332.54
ORD-3168,2024-07-09,2024-07-16,Standard Class,Corporate,North,Technology,Phones,8,0.0,1571.19,521.26
ORD-3169,2023-08-03,2023-08-08,Second Class,Consumer,North,Technology,Machines,3,0.15,2841.59,289.95
ORD-3170,2023-08-04,2023-08-10,First Class,Corporate,South,Office Supplies,Binders,8,0.15,955.25,264.94
ORD-3171,2024-09-27,2024-10-03,First Class,Consumer,East,Office Supplies,Binders,2,0.15,213.08,65.34
ORD-3172,2024-10-04,2024-10-05,First Class,Home Office,East,Office Supplies,Art,5,0.1,683.91,215.0
ORD-3173,2023-08-25,2023-08-29,Second Class,Consumer,North,Office Supplies,Storage,8,0.5,226.82,-9.16
ORD-3174,2024-09-06,2024-09-09,First Class,Home Office,East,Office Supplies,Art,2,0.2,274.14,43.25
ORD-3175,2023-01-22,2023-01-26,Standard Class,Consumer,North,Office Supplies,Paper,1,0.1,33.14,10.88
ORD-3176,2024-09-07,2024-09-12,Standard Class,Home Office,South,Technology,Accessories,8,0.0,958.97,329.59
ORD-3177,2024-09-02,2024-09-08,First Class,Consumer,East,Furniture,Chairs,4,0.15,1126.42,215.66
ORD-3178,2023-09-05,2023-09-07,Standard Class,Consumer,North,Office Supplies,Paper,4,0.2,327.42,83.41
ORD-3179,2023-02-13,2023-02-16,Second Class,Consumer,North,Office Supplies,Storage,6,0.1,630.87,123.63
ORD-3180,2023-09-02,2023-09-03,First Class,Corporate,South,Office Supplies,Paper,5,0.0,132.3,33.41
ORD-3181,2023-04-22,2023-04-26,Standard Class,Corporate,South,Technology,Phones,4,0.0,2429.69,802.82
ORD-3182,2024-03-15,2024-03-16,Standard Class,Consumer,North,Office Supplies,Binders,9,0.0,481.4,106.37
ORD-3183,2024-09-26,2024-09-29,Same Day,Consumer,South,Office Supplies,Art,8,0.0,710.14,45.28
ORD-3184,2024-03-07,2024-03-14,Standard Class,Consumer,North,Office Supplies,Art,6,0.1,806.81,234.32
ORD-3185,2023-12-14,2023-12-19,Second Class,Consumer,South,Furniture,Tables,3,0.15,1812.71,298.97
ORD-3186,2024-04-12,2024-04-16,Standard Class,Corporate,South,Office Supplies,Binders,2,0.0,194.34,20.35
ORD-3187,2023-01-31,2023-02-02,Second Class,Corporate,South,Technology,Phones,9,0.1,14167.29,3459.11
ORD-3188,2023-01-27,2023-02-03,Standard Class,Corporate,East,Office Supplies,Binders,7,0.3,326.79,40.08
ORD-3189,2024-12-05,2024-12-06,Standard Class,Corporate,West,Technology,Machines,4,0.3,872.35,184.83
ORD-3190,2023-08-14,2023-08-20,Second Class,Consumer,North,Technology,Accessories,6,0.1,1451.54,469.54
ORD-3191,2024-12-01,2024-12-02,Standard Class,Consumer,East,Office Supplies,Storage,4,0.4,351.22,56.96
ORD-3192,2024-08-23,2024-08-30,Standard Class,Consumer,East,Technology,Machines,2,0.0,850.7,118.43
ORD-3193,2023-11-02,2023-11-05,First Class,Corporate,South,Technology,Accessories,4,0.0,2889.96,624.21
ORD-3194,2023-12-19,2023-12-25,Standard Class,Corporate,East,Furniture,Bookcases,7,0.4,5269.17,-532.76
ORD-3195,2024-01-27,2024-02-01,Standard Class,Consumer,South,Office Supplies,Binders,4,0.3,31.81,2.37
ORD-3196,2024-09-17,2024-09-20,Standard Class,Corporate,East,Furniture,Bookcases,8,0.0,3070.45,248.91
ORD-3197,2024-05-08,2024-05-10,Standard Class,Corporate,South,Technology,Accessories,5,0.15,6882.41,1350.04
ORD-3198,2023-12-02,2023-12-09,Standard Class,Home Office,West,Furniture,Chairs,2,0.0,1784.15,264.72
ORD-3199,2024-07-05,2024-07-08,Standard Class,Consumer,East,Office Supplies,Paper,7,0.0,574.89,62.08
ORD-3200,2024-02-15,2024-02-22,Standard Class,Corporate,North,Technology,Phones,8,0.0,5883.92,1922.13
ORD-3201,2023-10-29,2023-11-01,Standard Class,Consumer,West,Office Supplies,Paper,8,0.2,444.56,121.57
ORD-3202,2023-06-21,2023-06-22,Second Class,Home Office,West,Furniture,Tables,3,0.0,530.17,130.74
ORD-3203,2023-08-04,2023-08-07,Same Day,Consumer,North,Office Supplies,Art,5,0.3,224.23,-10.35
ORD-3204,2024-01-05,2024-01-07,Standard Class,Corporate,East,Office Supplies,Binders,6,0.0,224.51,29.51
ORD-3205,2023-04-21,2023-04-23,Standard Class,Home Office,West,Office Supplies,Storage,6,0.3,497.04,15.75
ORD-3206,2024-12-18,2024-12-21,Standard Class,Consumer,West,Office Supplies,Paper,7,0.0,761.19,227.32
ORD-3207,2023-09-11,2023-09-16,Standard Class,Consumer,North,Office Supplies,Paper,6,0.1,42.91,14.49
ORD-3208,2023-12-16,2023-12-20,Second Class,Consumer,North,Technology,Machines,7,0.0,9335.7,2445.97
ORD-3209,2023-10-13,2023-10-17,Standard Class,Corporate,North,Office Supplies,Storage,7,0.15,997.8,253.17
ORD-3210,2024-09-02,2024-09-03,Standard Class,Home Office,East,Furniture,Bookcases,3,0.3,1791.24,-112.95
ORD-3211,2024-04-21,2024-04-22,Same Day,Corporate,South,Office Supplies,Storage,4,0.15,514.35,109.67
ORD-3212,2023-02-23,2023-02-24,Second Class,Consumer,North,Technology,Phones,4,0.5,3352.23,300.75
ORD-3213,2023-02-13,2023-02-15,Standard Class,Consumer,East,Furniture,Chairs,9,0.3,6438.01,-182.62
ORD-3214,2023-07-07,2023-07-11,Standard Class,Consumer,North,Office Supplies,Storage,7,0.1,156.37,20.1
ORD-3215,2023-06-23,2023-06-27,Same Day,Consumer,West,Office Supplies,Art,6,0.0,663.9,138.86
ORD-3216,2023-10-29,2023-11-05,Standard Class,Consumer,East,Technology,Accessories,9,0.0,9431.1,1655.95
ORD-3217,2023-05-17,2023-05-24,Same Day,Consumer,North,Office Supplies,Storage,5,0.0,655.11,100.65
ORD-3218,2024-12-09,2024-12-12,Standard Class,Home Office,South,Office Supplies,Storage,5,0.0,371.95,39.8
ORD-3219,2024-02-24,2024-02-29,Standard Class,Corporate,West,Office Supplies,Paper,8,0.0,124.28,29.86
ORD-3220,2024-06-13,2024-06-14,Standard Class,Consumer,North,Office Supplies,Binders,9,0.2,538.75,104.85
ORD-3221,2023-03-17,2023-03-22,Same Day,Home Office,East,Office Supplies,Paper,3,0.3,173.44,26.13
ORD-3222,2023-01-19,2023-01-26,Second Class,Corporate,South,Office Supplies,Art,4,0.1,163.34,39.07
ORD-3223,2024-11-25,2024-12-02,Standard Class,Consumer,South,Office Supplies,Paper,4,0.0,559.69,122.57
ORD-3224,2023-10-10,2023-10-12,Second Class,Consumer,West,Office Supplies,Binders,7,0.0,560.34,68.32
ORD-3225,2023-09-29,2023-10-06,Standard Class,Corporate,South,Technology,Copiers,8,0.2,1251.7,146.77
ORD-3226,2023-06-21,2023-06-24,Standard Class,Consumer,South,Office Supplies,Art,2,0.1,134.09,21.51
ORD-3227,2023-04-05,2023-04-06,Standard Class,Corporate,East,Furniture,Tables,6,0.15,506.84,128.51
ORD-3228,2024-12-29,2025-01-04,Same Day,Home Office,North,Technology,Phones,8,0.0,9064.47,823.84
ORD-3229,2023-12-04,2023-12-07,Standard Class,Home Office,North,Office Supplies,Paper,8,0.0,918.23,136.66
ORD-3230,2023-05-20,2023-05-24,Second Class,Consumer,West,Furniture,Chairs,9,0.4,4043.12,631.77
ORD-3231,2023-06-14,2023-06-19,Standard Class,Corporate,South,Office Supplies,Paper,7,0.15,966.84,236.44
ORD-3232,2023-12-09,2023-12-12,Second Class,Consumer,West,Technology,Machines,9,0.0,9304.51,1691.55
ORD-3233,2023-06-06,2023-06-08,First Class,Consumer,North,Technology,Copiers,6,0.3,8426.48,1236.63
ORD-3234,2023-06-04,2023-06-08,Standard Class,Consumer,South,Technology,Phones,7,0.1,5415.96,1370.71
ORD-3235,2024-03-04,2024-03-07,Second Class,Consumer,West,Office Supplies,Paper,8,0.0,826.69,42.66
ORD-3236,2024-04-21,2024-04-27,Second Class,Home Office,East,Technology,Accessories,7,0.1,746.91,84.69
ORD-3237,2024-03-14,2024-03-19,Standard Class,Consumer,East,Office Supplies,Storage,5,0.15,659.98,190.55
ORD-3238,2023-03-24,2023-03-25,Standard Class,Consumer,North,Technology,Copiers,9,0.2,8045.87,1827.29
ORD-3239,2023-12-03,2023-12-10,Standard Class,Consumer,West,Office Supplies,Binders,2,0.1,176.39,20.46
ORD-3240,2023-08-03,2023-08-06,First Class,Home Office,South,Furniture,Chairs,8,0.15,1914.84,366.57
ORD-3241,2023-03-24,2023-03-26,Standard Class,Consumer,South,Technology,Phones,8,0.3,2778.26,608.63
ORD-3242,2023-05-27,2023-06-02,Second Class,Corporate,North,Office Supplies,Paper,1,0.4,98.77,10.07
ORD-3243,2023-05-20,2023-05-25,First Class,Corporate,East,Technology,Machines,5,0.15,7379.44,2408.67
ORD-3244,2023-08-09,2023-08-15,Second Class,Home Office,South,Office Supplies,Paper,3,0.0,166.81,43.14
ORD-3245,2024-05-09,2024-05-11,Standard Class,Corporate,South,Office Supplies,Art,8,0.2,403.98,56.18
ORD-3246,2024-02-15,2024-02-16,Second Class,Corporate,East,Office Supplies,Binders,4,0.3,70.44,-4.7
ORD-3247,2023-06-12,2023-06-18,Standard Class,Home Office,South,Technology,Copiers,3,0.0,5031.45,973.73
ORD-3248,2023-05-16,2023-05-18,First Class,Consumer,South,Office Supplies,Storage,8,0.15,563.88,95.94
ORD-3249,2023-10-17,2023-10-19,First Class,Corporate,North,Office Supplies,Art,7,0.2,949.49,237.08
ORD-3250,2023-04-08,2023-04-13,First Class,Home Office,South,Technology,Machines,9,0.15,6327.93,1756.65
ORD-3251,2023-05-19,2023-05-23,First Class,Consumer,East,Technology,Phones,8,0.1,9643.5,1187.05
ORD-3252,2023-03-21,2023-03-22,Standard Class,Consumer,North,Office Supplies,Art,4,0.2,31.46,4.31
ORD-3253,2023-11-04,2023-11-06,Same Day,Corporate,East,Furniture,Bookcases,7,0.1,2369.5,651.79
ORD-3254,2023-08-04,2023-08-05,Standard Class,Home Office,East,Office Supplies,Art,9,0.5,707.69,-29.39
ORD-3255,2024-10-14,2024-10-19,First Class,Home Office,North,Office Supplies,Binders,9,0.4,728.23,117.17
ORD-3256,2023-09-02,2023-09-03,Second Class,Corporate,South,Furniture,Tables,6,0.15,4200.79,1403.95
ORD-3257,2023-05-09,2023-05-15,Standard Class,Consumer,East,Office Supplies,Paper,5,0.1,557.19,125.91
ORD-3258,2023-07-26,2023-08-02,Standard Class,Consumer,North,Technology,Machines,9,0.5,9807.74,-1253.48
ORD-3259,2023-01-05,2023-01-08,Standard Class,Corporate,East,Office Supplies,Storage,9,0.0,782.19,270.38
ORD-3260,2024-01-22,2024-01-29,Standard Class,Consumer,North,Technology,Phones,3,0.1,3417.71,681.76
ORD-3261,2023-12-16,2023-12-18,Standard Class,Corporate,North,Technology,Copiers,2,0.1,3368.1,734.77
ORD-3262,2024-05-10,2024-05-12,Second Class,Consumer,South,Office Supplies,Storage,9,0.2,597.09,110.16
ORD-3263,2024-02-02,2024-02-03,First Class,Consumer,South,Technology,Accessories,8,0.15,7355.18,1770.75
ORD-3264,2023-12-18,2023-12-22,Second Class,Home Office,East,Office Supplies,Binders,9,0.15,191.54,30.41
ORD-3265,2024-04-23,2024-04-26,Standard Class,Consumer,South,Furniture,Chairs,8,0.1,1442.91,241.93
ORD-3266,2024-03-28,2024-04-01,Standard Class,Home Office,West,Furniture,Furnishings,4,0.3,1458.3,225.92
ORD-3267,2023-01-01,2023-01-08,Same Day,Consumer,East,Technology,Machines,9,0.15,3433.49,455.51
ORD-3268,2023-01-14,2023-01-19,First Class,Home Office,North,Office Supplies,Binders,5,0.15,357.6,58.81
ORD-3269,2023-09-13,2023-09-19,Standard Class,Corporate,East,Office Supplies,Binders,4,0.15,482.42,118.06
ORD-3270,2023-12-01,2023-12-05,Second Class,Consumer,East,Office Supplies,Storage,2,0.0,223.39,19.87
ORD-3271,2023-01-17,2023-01-20,Standard Class,Consumer,East,Office Supplies,Art,3,0.0,323.14,44.89
ORD-3272,2023-01-10,2023-01-12,Standard Class,Consumer,West,Office Supplies,Storage,2,0.2,71.99,23.3
ORD-3273,2024-05-24,2024-05-28,Second Class,Corporate,North,Technology,Accessories,9,0.0,4426.57,838.0
ORD-3274,2023-11-27,2023-11-29,Standard Class,Corporate,West,Technology,Phones,8,0.3,11482.43,447.06
ORD-3275,2023-04-24,2023-04-25,First Class,Consumer,East,Furniture,Furnishings,1,0.0,840.31,234.4
ORD-3276,2023-06-30,2023-07-02,Standard Class,Corporate,East,Furniture,Furnishings,4,0.4,1930.45,-150.79
ORD-3277,2023-04-11,2023-04-18,Standard Class,Consumer,South,Technology,Machines,3,0.1,193.84,64.18
ORD-3278,2023-08-16,2023-08-17,Second Class,Corporate,West,Technology,Copiers,6,0.0,7653.83,1601.82
ORD-3279,2024-12-15,2024-12-21,Standard Class,Home Office,South,Office Supplies,Paper,4,0.3,465.36,-19.37
ORD-3280,2024-06-05,2024-06-11,Standard Class,Consumer,South,Technology,Accessories,3,0.15,441.58,146.86
ORD-3281,2024-07-24,2024-07-30,First Class,Consumer,South,Office Supplies,Binders,8,0.0,792.94,237.83
ORD-3282,2023-09-30,2023-10-02,Standard Class,Consumer,West,Office Supplies,Binders,8,0.1,801.52,113.23
ORD-3283,2024-08-27,2024-09-01,Standard Class,Consumer,West,Furniture,Furnishings,9,0.1,5962.14,527.68
ORD-3284,2023-08-18,2023-08-23,Standard Class,Consumer,South,Technology,Machines,1,0.1,861.56,67.83
ORD-3285,2023-11-10,2023-11-12,Standard Class,Home Office,South,Office Supplies,Paper,4,0.1,48.62,4.91
ORD-3286,2023-05-29,2023-06-04,Second Class,Corporate,South,Furniture,Tables,9,0.0,6182.82,344.29
ORD-3287,2024-08-24,2024-08-31,Second Class,Corporate,West,Technology,Phones,7,0.15,5862.73,931.43
ORD-3288,2024-11-12,2024-11-14,Same Day,Home Office,East,Furniture,Tables,6,0.0,1205.71,230.35
ORD-3289,2023-05-16,2023-05-20,Standard Class,Consumer,North,Technology,Copiers,4,0.4,4161.82,-428.61
ORD-3290,2024-06-13,2024-06-16,Standard Class,Corporate,West,Furniture,Tables,9,0.15,6144.41,607.31
ORD-3291,2024-09-07,2024-09-14,Standard Class,Corporate,North,Office Supplies,Binders,9,0.15,1013.91,187.47
ORD-3292,2023-04-29,2023-05-05,Standard Class,Consumer,East,Office Supplies,Binders,8,0.0,801.87,55.36
ORD-3293,2023-03-25,2023-03-30,Standard Class,Home Office,West,Office Supplies,Storage,2,0.0,183.61,40.22
ORD-3294,2024-05-19,2024-05-20,Second Class,Consumer,West,Furniture,Furnishings,6,0.0,3640.06,499.22
ORD-3295,2023-01-02,2023-01-07,Same Day,Home Office,North,Technology,Machines,5,0.1,8369.62,569.16
ORD-3296,2023-07-17,2023-07-19,Standard Class,Consumer,East,Furniture,Tables,2,0.0,1289.15,343.65
ORD-3297,2024-06-20,2024-06-22,,Consumer,West,Furniture,Tables,1,0.3,764.71,173.8
ORD-3298,2023-03-17,2023-03-19,,Consumer,East,Technology,Accessories,7,0.4,2793.21,460.1
ORD-3299,2024-05-05,2024-05-09,Standard Class,Consumer,West,Furniture,Furnishings,7,0.1,3149.03,436.63
ORD-3300,2024-05-31,2024-06-01,Standard Class,Consumer,North,Technology,Accessories,7,0.15,8495.35,2474.59
ORD-3301,2024-10-03,2024-10-05,Standard Class,Home Office,East,Office Supplies,Binders,5,0.15,469.19,41.81
ORD-3302,2023-10-12,2023-10-13,First Class,Consumer,East,Furniture,Tables,7,0.1,5332.9,1721.93
ORD-3303,2023-11-06,2023-11-08,Standard Class,Home Office,South,Furniture,Chairs,7,0.0,4164.7,746.65
ORD-3304,2023-01-01,2023-01-08,Standard Class,Corporate,East,Office Supplies,Art,7,0.15,490.12,106.43
ORD-3305,2023-09-07,2023-09-10,Second Class,Consumer,North,Furniture,Tables,3,0.1,604.52,54.51
ORD-3306,2023-08-23,2023-08-26,Standard Class,Consumer,South,Office Supplies,Binders,9,0.2,905.42,245.08
ORD-3307,2024-01-27,2024-01-31,Second Class,Consumer,North,Technology,Phones,3,0.15,4354.71,318.44
ORD-3308,2024-03-06,2024-03-13,Standard Class,Corporate,North,Technology,Machines,2,0.0,1856.37,98.24
ORD-3309,2023-09-30,2023-10-01,Standard Class,Consumer,South,Technology,Copiers,8,0.1,12350.89,2800.05
ORD-3310,2023-09-17,2023-09-19,Second Class,Corporate,South,Technology,Accessories,7,0.15,4387.85,726.36
ORD-3311,2024-02-29,2024-03-06,Second Class,Home Office,North,Technology,Phones,3,0.4,4114.6,289.43
ORD-3312,2023-11-27,2023-12-02,Standard Class,Consumer,East,Office Supplies,Art,6,0.0,52.87,8.01
ORD-3313,2024-10-30,2024-11-02,Standard Class,Home Office,East,Technology,Copiers,8,0.1,8981.48,2343.46
ORD-3314,2023-10-08,2023-10-10,Second Class,Home Office,South,Technology,Phones,1,0.3,1311.7,-54.86
ORD-3315,2024-06-29,2024-07-02,Standard Class,Consumer,West,Furniture,Bookcases,1,0.0,821.43,279.4
ORD-3316,2024-05-01,2024-05-06,Same Day,Home Office,South,Office Supplies,Paper,4,0.0,210.06,32.88
ORD-3317,2023-03-12,2023-03-17,First Class,Home Office,South,Technology,Phones,4,0.2,2095.26,336.88
ORD-3318,2023-12-18,2023-12-24,Second Class,Consumer,North,Technology,Accessories,9,0.15,7099.16,826.15
ORD-3319,2023-05-26,2023-05-29,Standard Class,Home Office,South,Office Supplies,Paper,7,0.0,114.42,32.32
ORD-3320,2024-03-28,2024-04-03,Standard Class,Corporate,South,Technology,Accessories,6,0.1,10022.83,1436.73
ORD-3321,2023-02-01,2023-02-08,First Class,Consumer,South,Furniture,Chairs,2,0.1,1171.47,343.66
ORD-3322,2023-10-26,2023-10-28,Same Day,Corporate,East,Furniture,Chairs,1,0.5,339.8,-9.26
ORD-3323,2024-05-16,2024-05-19,Standard Class,Consumer,South,Office Supplies,Paper,8,0.2,696.05,156.31
ORD-3324,2023-09-27,2023-09-28,Second Class,Consumer,South,Furniture,Tables,2,0.0,534.36,99.61
ORD-3325,2024-08-12,2024-08-15,First Class,Corporate,East,Furniture,Bookcases,1,0.0,527.3,153.07
ORD-3326,2023-11-01,2023-11-02,Standard Class,Home Office,South,Office Supplies,Binders,3,0.15,290.57,83.71
ORD-3327,2024-06-23,2024-06-30,Standard Class,Corporate,South,Office Supplies,Art,2,0.15,65.9,22.08
ORD-3328,2023-10-28,2023-11-04,Standard Class,Corporate,East,Furniture,Tables,9,0.0,6440.34,1385.19
ORD-3329,2023-11-22,2023-11-27,Standard Class,Home Office,North,Technology,Machines,3,0.0,4214.38,1206.24
ORD-3330,2023-06-17,2023-06-22,Standard Class,Corporate,North,Furniture,Bookcases,5,0.2,2700.77,192.38
ORD-3331,2023-04-19,2023-04-24,First Class,Consumer,North,Technology,Phones,2,0.2,2454.39,695.4
ORD-3332,2024-01-21,2024-01-25,Standard Class,Home Office,North,Furniture,Bookcases,3,0.0,1870.71,314.48
ORD-3333,2024-01-05,2024-01-12,First Class,Corporate,North,Office Supplies,Art,7,0.15,65.88,23.05
ORD-3334,2024-09-24,2024-09-25,Second Class,Corporate,North,Technology,Phones,7,0.0,10601.02,658.64
ORD-3335,2024-08-07,2024-08-14,Second Class,Corporate,South,Furniture,Tables,3,0.3,999.02,132.08
ORD-3336,2024-07-23,2024-07-29,Standard Class,Consumer,East,Technology,Accessories,8,0.2,5717.83,1078.38
ORD-3337,2024-10-04,2024-10-06,Same Day,Consumer,West,Office Supplies,Art,9,0.0,824.98,77.73
ORD-3338,2024-04-03,2024-04-09,Second Class,Corporate,North,Furniture,Bookcases,2,0.1,1257.06,425.1
ORD-3339,2023-10-19,2023-10-26,Second Class,Home Office,East,Office Supplies,Paper,6,0.1,140.71,15.96
ORD-3340,2023-12-04,2023-12-07,Standard Class,Consumer,South,Office Supplies,Storage,3,0.5,137.97,-16.41
ORD-3341,2023-02-04,2023-02-05,Same Day,Corporate,South,Technology,Accessories,7,0.3,1923.57,425.16
ORD-3342,2023-05-22,2023-05-28,Second Class,Home Office,South,Office Supplies,Binders,3,0.0,161.27,34.28
ORD-3343,2024-06-04,2024-06-06,Second Class,Corporate,East,Furniture,Furnishings,4,0.0,2676.28,169.46
ORD-3344,2023-04-20,2023-04-21,Second Class,Home Office,West,Office Supplies,Binders,6,0.1,267.63,16.05
ORD-3345,2023-02-24,2023-03-03,Standard Class,Consumer,South,Office Supplies,Paper,3,0.4,376.93,-35.33
ORD-3346,2024-10-13,2024-10-18,Standard Class,Corporate,East,Office Supplies,Art,6,0.15,183.04,45.62
ORD-3347,2023-01-11,2023-01-16,Second Class,Corporate,East,Technology,Phones,1,0.0,1656.87,98.34
ORD-3348,2023-08-16,2023-08-19,Second Class,Corporate,South,Office Supplies,Art,6,0.5,422.17,-43.05
ORD-3349,2023-04-16,2023-04-23,Second Class,Consumer,North,Office Supplies,Paper,3,0.0,380.53,93.24
ORD-3350,2024-10-28,2024-11-01,Standard Class,Consumer,East,Furniture,Chairs,4,0.1,2856.94,982.55
ORD-3351,2024-10-02,2024-10-04,Standard Class,Consumer,South,Technology,Accessories,5,0.15,2904.34,292.45
ORD-3352,2023-04-08,2023-04-09,Standard Class,Consumer,North,Office Supplies,Binders,3,0.0,359.32,88.24
ORD-3353,2023-06-27,2023-07-04,Standard Class,Home Office,South,Office Supplies,Paper,3,0.0,17.33,3.61
ORD-3354,2024-02-17,2024-02-21,Second Class,Consumer,West,Furniture,Bookcases,7,0.0,5085.31,491.49
ORD-3355,2024-09-20,2024-09-24,Standard Class,Consumer,North,Office Supplies,Art,2,0.4,113.89,20.68
ORD-3356,2023-09-24,2023-09-26,Second Class,Home Office,West,Office Supplies,Binders,7,0.1,402.58,61.05
ORD-3357,2023-08-28,2023-09-04,Standard Class,Home Office,South,Office Supplies,Art,5,0.15,305.54,85.7
ORD-3358,2023-05-22,2023-05-27,Standard Class,Consumer,East,Office Supplies,Art,3,0.0,40.75,10.48
ORD-3359,2023-01-29,2023-02-03,First Class,Consumer,North,Office Supplies,Storage,3,0.0,251.0,54.62
ORD-3360,2023-08-18,2023-08-23,Standard Class,Corporate,West,Office Supplies,Binders,4,0.1,76.82,19.76
ORD-3361,2023-11-23,2023-11-30,Standard Class,Consumer,North,Office Supplies,Art,8,0.0,761.89,159.81
ORD-3362,2023-12-08,2023-12-13,Standard Class,Home Office,East,Technology,Phones,6,0.0,9591.35,3164.87
ORD-3363,2023-06-05,2023-06-10,First Class,Home Office,West,Office Supplies,Paper,7,0.1,213.74,62.44
ORD-3364,2024-04-07,2024-04-11,Standard Class,Consumer,South,Furniture,Furnishings,3,0.0,228.67,49.39
ORD-3365,2024-05-08,2024-05-15,Standard Class,Corporate,South,Office Supplies,Storage,4,0.0,479.19,75.55
ORD-3366,2023-11-15,2023-11-22,First Class,Consumer,South,Office Supplies,Binders,8,0.0,872.95,251.96
ORD-3367,2023-11-17,2023-11-18,Standard Class,Consumer,South,Office Supplies,Art,7,0.1,80.66,19.96
ORD-3368,2024-06-02,2024-06-09,Standard Class,Corporate,East,Office Supplies,Binders,4,0.1,307.88,22.03
ORD-3369,2024-01-09,2024-01-16,Standard Class,Home Office,East,Furniture,Tables,7,0.2,2089.21,339.45
ORD-3370,2023-06-28,2023-07-01,Standard Class,Consumer,South,Office Supplies,Binders,8,0.2,665.71,162.25
ORD-3371,2023-11-26,2023-12-03,Standard Class,Consumer,East,Office Supplies,Paper,2,0.0,53.36,13.59
ORD-3372,2024-05-27,2024-05-31,Second Class,Consumer,North,Furniture,Tables,7,0.0,5234.66,629.44
ORD-3373,2023-02-10,2023-02-12,First Class,Home Office,South,Office Supplies,Paper,3,0.4,288.86,39.7
ORD-3374,2023-08-11,2023-08-13,Standard Class,Consumer,West,Office Supplies,Binders,3,0.0,75.37,26.11
ORD-3375,2023-10-26,2023-10-30,Standard Class,Home Office,West,Office Supplies,Paper,3,0.1,31.05,4.66
ORD-3376,2024-01-05,2024-01-11,Standard Class,Corporate,South,Furniture,Tables,9,0.2,4391.65,795.77
ORD-3377,2024-05-20,2024-05-27,Second Class,Consumer,South,Furniture,Tables,3,0.4,1256.57,-63.03
ORD-3378,2024-02-11,2024-02-13,Standard Class,Consumer,North,Furniture,Tables,6,0.2,2318.16,599.63
ORD-3379,2023-01-12,2023-01-16,Standard Class,Corporate,North,Furniture,Tables,5,0.1,4332.39,426.21
ORD-3380,2023-08-09,2023-08-11,First Class,Consumer,West,Office Supplies,Art,5,0.5,391.29,-27.02
ORD-3381,2024-05-03,2024-05-05,Second Class,Consumer,North,Furniture,Tables,2,0.0,1502.39,418.59
ORD-3382,2023-03-21,2023-03-23,Standard Class,Home Office,South,Office Supplies,Art,7,0.2,288.62,89.09
ORD-3383,2023-01-05,2023-01-10,Second Class,Consumer,West,Technology,Accessories,3,0.1,3283.02,1026.95
ORD-3384,2024-08-06,2024-08-13,First Class,Home Office,East,Office Supplies,Art,3,0.0,276.33,57.2
ORD-3385,2024-08-25,2024-08-31,Same Day,Home Office,West,Office Supplies,Storage,2,0.0,214.69,20.45
ORD-3386,2024-08-25,2024-08-27,Second Class,Corporate,East,Office Supplies,Storage,2,0.15,128.52,28.56
ORD-3387,2023-04-01,2023-04-03,Standard Class,Corporate,South,Technology,Accessories,1,0.0,786.12,84.92
ORD-3388,2023-09-04,2023-09-10,Standard Class,Home Office,South,Technology,Machines,2,0.0,684.91,228.76
ORD-3389,2023-03-24,2023-03-29,Standard Class,Consumer,East,Office Supplies,Paper,8,0.3,215.02,4.43
ORD-3390,2023-06-05,2023-06-06,Second Class,Consumer,East,Office Supplies,Paper,3,0.3,193.7,-4.69
ORD-3391,2023-09-28,2023-10-02,First Class,Home Office,West,Furniture,Furnishings,7,0.1,2577.25,454.05
ORD-3392,2024-12-28,2024-12-30,Second Class,Consumer,North,Furniture,Furnishings,6,0.0,4646.14,1479.94
ORD-3393,2024-11-13,2024-11-16,Standard Class,Consumer,North,Furniture,Bookcases,2,0.0,1560.44,170.32
ORD-3394,2024-08-07,2024-08-10,Standard Class,Consumer,North,Technology,Accessories,8,0.3,3825.04,-125.27
ORD-3395,2023-06-17,2023-06-23,Standard Class,Corporate,South,Office Supplies,Art,8,0.1,344.32,91.58
ORD-3396,2023-10-13,2023-10-14,Second Class,Consumer,West,Office Supplies,Storage,4,0.0,399.56,93.86
ORD-3397,2023-05-20,2023-05-23,Same Day,Consumer,North,Technology,Phones,7,0.0,10049.89,1721.33
ORD-3398,2024-03-05,2024-03-09,Standard Class,Home Office,South,Technology,Accessories,4,0.4,2550.35,176.82
ORD-3399,2024-11-02,2024-11-06,Standard Class,Corporate,South,Technology,Machines,5,0.1,3171.69,655.41
ORD-3400,2024-08-22,2024-08-25,Second Class,Corporate,North,Furniture,Furnishings,4,0.0,3344.83,613.22
ORD-3401,2023-11-14,2023-11-16,Standard Class,Home Office,North,Office Supplies,Art,7,0.5,672.67,55.29
ORD-3402,2023-03-06,2023-03-12,Standard Class,Home Office,East,Office Supplies,Binders,2,0.1,255.74,67.55
ORD-3403,2024-04-23,2024-04-24,First Class,Consumer,South,Office Supplies,Paper,2,0.15,235.16,62.59
ORD-3404,2023-04-12,2023-04-14,Standard Class,Consumer,East,Technology,Machines,2,0.0,168.73,13.43
ORD-3405,2023-06-07,2023-06-08,Standard Class,Home Office,East,Technology,Machines,6,0.3,8671.71,247.26
ORD-3406,2024-10-11,2024-10-13,First Class,Corporate,South,Office Supplies,Storage,4,0.0,85.46,14.86
ORD-3407,2023-12-12,2023-12-14,Standard Class,Consumer,South,Technology,Phones,7,0.0,7403.71,2574.28
ORD-3408,2024-05-01,2024-05-07,Standard Class,Corporate,North,Office Supplies,Binders,2,0.2,72.72,6.77
ORD-3409,2024-02-14,2024-02-18,Second Class,Corporate,North,Office Supplies,Binders,8,0.2,128.72,17.37
ORD-3410,2023-06-18,2023-06-24,Standard Class,Consumer,South,Office Supplies,Binders,9,0.1,476.68,49.91
ORD-3411,2024-06-12,2024-06-14,Second Class,Consumer,South,Furniture,Chairs,8,0.5,3208.19,476.79
ORD-3412,2023-03-31,2023-04-03,Standard Class,Corporate,West,Office Supplies,Paper,8,0.2,865.78,104.87
ORD-3413,2023-10-23,2023-10-24,First Class,Corporate,North,Technology,Machines,9,0.3,2767.22,-142.39
ORD-3414,2024-05-11,2024-05-15,Second Class,Consumer,South,Technology,Phones,7,0.0,2649.09,920.82
ORD-3415,2024-12-07,2024-12-09,First Class,Consumer,West,Office Supplies,Storage,9,0.0,715.57,210.02
ORD-3416,2023-01-04,2023-01-07,Standard Class,Consumer,North,Office Supplies,Storage,4,0.2,534.6,68.35
ORD-3417,2023-01-15,2023-01-16,Second Class,Corporate,South,Furniture,Chairs,1,0.0,599.87,40.36
ORD-3418,2024-02-07,2024-02-11,Standard Class,Consumer,East,Office Supplies,Paper,4,0.0,370.63,23.43
ORD-3419,2024-11-20,2024-11-24,First Class,Consumer,South,Technology,Machines,9,0.1,2217.0,455.56
ORD-3420,2023-06-29,2023-07-05,Standard Class,Home Office,North,Technology,Copiers,8,0.5,2177.04,-54.47
ORD-3421,2023-10-26,2023-11-01,Standard Class,Consumer,West,Technology,Accessories,4,0.1,671.45,218.88
ORD-3422,2023-10-25,2023-10-28,First Class,Corporate,West,Office Supplies,Art,7,0.1,272.43,64.64
ORD-3423,2023-04-29,2023-05-05,Standard Class,Corporate,East,Office Supplies,Art,2,0.1,109.11,9.93
ORD-3424,2024-10-28,2024-11-04,Standard Class,Corporate,South,Technology,Phones,4,0.15,3881.41,926.76
ORD-3425,2024-02-19,2024-02-20,Standard Class,Home Office,East,Office Supplies,Art,8,0.3,915.34,110.84
ORD-3426,2024-09-12,2024-09-14,Second Class,Consumer,East,Office Supplies,Paper,3,0.2,315.71,108.03
ORD-3427,2024-05-01,2024-05-05,Standard Class,Corporate,South,Technology,Machines,5,0.1,3794.66,402.17
ORD-3428,2024-09-01,2024-09-05,Standard Class,Corporate,East,Office Supplies,Art,3,0.4,319.42,26.36
ORD-3429,2023-05-17,2023-05-24,Second Class,Home Office,South,Office Supplies,Binders,9,0.0,310.61,33.41
ORD-3430,2023-02-27,2023-03-06,Standard Class,Home Office,South,Furniture,Furnishings,6,0.1,378.13,59.93
ORD-3431,2023-03-09,2023-03-12,Standard Class,Consumer,North,Furniture,Tables,1,0.0,319.37,59.55
ORD-3432,2023-08-26,2023-08-31,Standard Class,Corporate,South,Technology,Accessories,7,0.0,4507.13,231.65
ORD-3433,2024-08-24,2024-08-31,First Class,Home Office,South,Furniture,Chairs,6,0.0,2260.96,400.97
ORD-3434,2023-08-04,2023-08-06,Standard Class,Home Office,West,Furniture,Bookcases,1,0.0,681.32,127.28
ORD-3435,2024-12-14,2024-12-19,First Class,Home Office,South,Office Supplies,Paper,8,0.2,408.37,60.46
ORD-3436,2024-06-08,2024-06-12,Second Class,Corporate,North,Technology,Phones,6,0.0,9229.79,1735.69
ORD-3437,2023-06-16,2023-06-17,Standard Class,Corporate,West,Technology,Accessories,9,0.1,5733.04,1540.64
ORD-3438,2023-12-22,2023-12-29,First Class,Consumer,North,Office Supplies,Art,1,0.0,9.41,1.79
ORD-3439,2024-08-14,2024-08-16,Standard Class,Consumer,South,Technology,Copiers,9,0.2,3005.83,780.07
ORD-3440,2023-01-28,2023-01-29,Second Class,Consumer,North,Furniture,Furnishings,4,0.0,720.23,230.68
ORD-3441,2024-01-13,2024-01-17,Standard Class,Corporate,North,Office Supplies,Storage,8,0.3,336.93,46.27
ORD-3442,2024-05-16,2024-05-20,Second Class,Corporate,East,Office Supplies,Art,4,0.0,552.31,184.5
ORD-3443,2023-02-07,2023-02-10,Standard Class,Corporate,East,Office Supplies,Paper,8,0.1,1083.01,148.86
ORD-3444,2024-04-06,2024-04-13,First Class,Home Office,East,Technology,Phones,1,0.1,1217.0,180.16
ORD-3445,2023-07-27,2023-08-02,Standard Class,Consumer,West,Technology,Machines,4,0.1,897.09,95.1
ORD-3446,2023-08-02,2023-08-06,Standard Class,Consumer,South,Furniture,Furnishings,3,0.0,2568.91,570.8
ORD-3447,2024-09-28,2024-09-30,Second Class,Consumer,North,Office Supplies,Art,4,0.1,225.91,77.83
ORD-3448,2023-08-16,2023-08-17,First Class,Consumer,North,Office Supplies,Art,8,0.3,365.65,4.37
ORD-3449,2023-11-20,2023-11-27,Second Class,Consumer,North,Furniture,Bookcases,5,0.1,4364.89,1061.94
ORD-3450,2023-09-13,2023-09-19,Second Class,Consumer,West,Technology,Phones,5,0.3,923.42,159.04
ORD-3451,2024-11-04,2024-11-07,,Home Office,East,Furniture,Tables,6,0.1,1529.16,446.18
ORD-3452,2024-04-08,2024-04-15,Standard Class,Corporate,South,Furniture,Bookcases,6,0.1,1984.2,576.63
ORD-3453,2023-07-09,2023-07-13,Second Class,Consumer,West,Office Supplies,Binders,1,0.15,57.78,14.29
ORD-3454,2024-08-14,2024-08-18,Standard Class,Consumer,South,Office Supplies,Binders,8,0.1,698.16,195.11
ORD-3455,2023-04-30,2023-05-01,Standard Class,Corporate,East,Office Supplies,Storage,3,0.0,426.64,100.97
ORD-3456,2024-06-14,2024-06-21,Standard Class,Corporate,North,Office Supplies,Art,2,0.15,277.82,18.67
ORD-3457,2024-05-23,2024-05-27,Standard Class,Corporate,North,Office Supplies,Paper,8,0.1,1115.08,194.78
ORD-3458,2024-04-17,2024-04-21,Standard Class,Corporate,East,Furniture,Furnishings,6,0.0,3764.47,614.64
ORD-3459,2023-02-27,2023-03-05,First Class,Consumer,South,Office Supplies,Storage,1,0.4,8.65,1.4
ORD-3460,2023-06-16,2023-06-21,Standard Class,Home Office,North,Technology,Copiers,2,0.0,2433.96,620.82
ORD-3461,2023-12-01,2023-12-06,Standard Class,Consumer,West,Technology,Accessories,1,0.3,817.13,51.26
ORD-3462,2024-02-20,2024-02-27,Second Class,Home Office,East,Furniture,Bookcases,9,0.0,1147.95,251.28
ORD-3463,2023-07-02,2023-07-07,Same Day,Consumer,North,Office Supplies,Art,7,0.0,795.02,173.05
ORD-3464,2023-01-24,2023-01-27,Standard Class,Consumer,West,Office Supplies,Storage,9,0.2,237.34,27.29
ORD-3465,2024-01-05,2024-01-08,Standard Class,Consumer,North,Technology,Machines,9,0.15,14182.85,3328.48
ORD-3466,2023-09-30,2023-10-03,First Class,Home Office,East,Technology,Phones,7,0.15,6200.44,1104.79
ORD-3467,2023-10-27,2023-10-28,Standard Class,Consumer,East,Technology,Machines,9,0.0,5923.24,798.53
ORD-3468,2023-03-24,2023-03-25,Second Class,Consumer,North,Technology,Phones,7,0.5,6260.2,409.12
ORD-3469,2023-06-15,2023-06-20,Standard Class,Consumer,West,Technology,Copiers,2,0.15,2498.26,819.67
ORD-3470,2024-09-06,2024-09-10,Standard Class,Home Office,East,Furniture,Tables,1,0.0,245.34,76.3
ORD-3471,2023-11-03,2023-11-07,Standard Class,Corporate,East,Office Supplies,Paper,9,0.15,839.52,160.7
ORD-3472,2024-05-22,2024-05-25,Standard Class,Home Office,North,Furniture,Tables,9,0.15,4701.44,856.76
ORD-3473,2024-04-02,2024-04-06,Standard Class,Consumer,North,Office Supplies,Storage,2,0.1,286.18,44.7
ORD-3474,2024-01-06,2024-01-13,Second Class,Consumer,North,Technology,Phones,4,0.15,4825.62,1224.68
ORD-3475,2024-05-03,2024-05-10,Standard Class,Corporate,North,Technology,Machines,2,0.1,3111.67,855.15
ORD-3476,2024-07-24,2024-07-29,Second Class,Consumer,North,Office Supplies,Paper,2,0.1,257.18,43.8
ORD-3477,2023-12-27,2024-01-01,Standard Class,Consumer,North,Office Supplies,Storage,7,0.1,696.31,43.13
ORD-3478,2023-11-12,2023-11-17,Second Class,Consumer,West,Technology,Machines,9,0.15,8655.61,1536.4
ORD-3479,2023-12-21,2023-12-25,Standard Class,Consumer,West,Office Supplies,Paper,1,0.0,6.19,0.36
ORD-3480,2023-07-01,2023-07-05,Standard Class,Consumer,South,Furniture,Furnishings,5,0.0,1048.98,83.12
ORD-3481,2023-08-31,2023-09-01,Second Class,Corporate,East,Furniture,Bookcases,1,0.0,105.19,7.89
ORD-3482,2024-05-10,2024-05-15,Second Class,Corporate,East,Office Supplies,Storage,8,0.0,402.32,94.56
ORD-3483,2024-06-14,2024-06-20,Second Class,Consumer,South,Office Supplies,Paper,6,0.15,781.49,94.16
ORD-3484,2024-06-17,2024-06-22,Standard Class,Consumer,West,Office Supplies,Art,5,0.3,410.53,39.26
ORD-3485,2023-05-12,2023-05-17,Same Day,Consumer,South,Technology,Phones,3,0.5,1642.62,-239.56
ORD-3486,2024-10-18,2024-10-24,Same Day,Consumer,West,Furniture,Furnishings,8,0.3,5447.68,1197.53
ORD-3487,2023-03-04,2023-03-06,First Class,Consumer,South,Furniture,Chairs,9,0.1,7799.9,1446.81
ORD-3488,2023-10-11,2023-10-16,Second Class,Consumer,East,Technology,Copiers,8,0.1,7805.57,1636.01
ORD-3489,2023-10-12,2023-10-13,Standard Class,Corporate,East,Office Supplies,Art,8,0.0,105.19,26.82
ORD-3490,2024-08-08,2024-08-12,Standard Class,Consumer,East,Furniture,Bookcases,1,0.0,436.58,73.33
ORD-3491,2023-12-09,2023-12-10,First Class,Home Office,East,Technology,Machines,9,0.1,469.71,108.97
ORD-3492,2023-07-13,2023-07-15,Standard Class,Consumer,West,Technology,Machines,5,0.5,1270.54,-34.38
ORD-3493,2024-12-11,2024-12-17,Standard Class,Home Office,West,Technology,Machines,6,0.0,1946.95,406.28
ORD-3494,2023-12-29,2024-01-01,Second Class,Home Office,West,Technology,Copiers,4,0.1,4315.94,311.07
ORD-3495,2023-05-27,2023-05-30,First Class,Consumer,East,Furniture,Furnishings,9,0.2,4129.64,1087.48
ORD-3496,2023-01-21,2023-01-27,Standard Class,Home Office,North,Furniture,Tables,2,0.0,486.35,104.95
ORD-3497,2024-10-16,2024-10-23,,Home Office,South,Technology,Phones,8,0.3,11508.59,830.75
ORD-3498,2024-02-21,2024-02-22,Second Class,Corporate,West,Office Supplies,Art,4,0.1,93.78,14.74
ORD-3499,2023-01-25,2023-01-27,Second Class,Home Office,North,Technology,Copiers,3,0.2,1951.93,287.25
ORD-3500,2023-11-06,2023-11-10,Standard Class,Home Office,North,Office Supplies,Binders,1,0.15,35.98,3.84
ORD-3501,2024-09-11,2024-09-16,Standard Class,Consumer,West,Office Supplies,Art,7,0.0,560.39,134.52
ORD-3502,2024-06-25,2024-07-01,Standard Class,Consumer,North,Technology,Copiers,6,0.1,2225.93,343.59
ORD-3503,2024-06-04,2024-06-08,Second Class,Consumer,West,Office Supplies,Storage,4,0.3,49.7,11.34
ORD-3504,2024-11-30,2024-12-02,Standard Class,Consumer,South,Office Supplies,Art,9,0.3,1223.38,158.95
ORD-3505,2023-01-03,2023-01-09,Standard Class,Corporate,North,Office Supplies,Paper,5,0.2,423.83,26.62
ORD-3506,2024-02-16,2024-02-22,Standard Class,Corporate,South,Furniture,Bookcases,5,0.15,3270.86,278.4
ORD-3507,2023-05-01,2023-05-07,Standard Class,Home Office,East,Office Supplies,Paper,3,0.2,210.65,24.53
ORD-3508,2024-05-07,2024-05-14,Standard Class,Consumer,South,Furniture,Chairs,9,0.3,695.16,-32.43
ORD-3509,2024-06-27,2024-06-30,First Class,Consumer,North,Office Supplies,Storage,6,0.0,616.54,204.08
ORD-3510,2024-12-24,2024-12-25,First Class,Corporate,North,Furniture,Bookcases,7,0.0,2527.07,744.67
ORD-3511,2024-01-02,2024-01-05,Standard Class,Consumer,East,Furniture,Tables,4,0.0,2304.25,315.39
ORD-3512,2024-04-19,2024-04-23,Standard Class,Home Office,West,Furniture,Tables,9,0.2,4116.78,974.2
ORD-3513,2023-02-25,2023-03-04,First Class,Corporate,North,Office Supplies,Paper,3,0.0,445.9,98.93
ORD-3514,2024-12-10,2024-12-13,Standard Class,Consumer,East,Office Supplies,Art,5,0.4,251.16,46.23
ORD-3515,2024-03-25,2024-03-29,Second Class,Consumer,South,Furniture,Furnishings,8,0.3,1668.36,257.17
ORD-3516,2023-10-04,2023-10-08,Standard Class,Consumer,East,Furniture,Chairs,1,0.1,590.67,93.28
ORD-3517,2024-01-14,2024-01-21,First Class,Corporate,North,Office Supplies,Binders,2,0.0,192.34,61.54
ORD-3518,2024-03-25,2024-03-26,Second Class,Corporate,West,Furniture,Bookcases,7,0.15,5653.43,1078.45
ORD-3519,2024-11-30,2024-12-07,First Class,Consumer,East,Office Supplies,Storage,5,0.2,334.02,98.25
ORD-3520,2024-03-01,2024-03-04,Standard Class,Home Office,West,Office Supplies,Storage,9,0.0,417.59,90.19
ORD-3521,2023-07-30,2023-08-04,Standard Class,Consumer,South,Technology,Accessories,8,0.2,2566.06,260.78
ORD-3522,2024-06-05,2024-06-12,Standard Class,Consumer,North,Furniture,Furnishings,8,0.0,1706.17,500.93
ORD-3523,2023-04-09,2023-04-16,Standard Class,Consumer,West,Office Supplies,Paper,8,0.15,117.3,32.9
ORD-3524,2023-10-22,2023-10-25,First Class,Consumer,West,Technology,Phones,7,0.15,9733.37,2243.65
ORD-3525,2023-12-29,2023-12-31,Standard Class,Consumer,North,Office Supplies,Storage,4,0.15,419.88,39.72
ORD-3526,2024-03-17,2024-03-23,Second Class,Consumer,East,Furniture,Chairs,6,0.2,3136.31,388.78
ORD-3527,2024-04-12,2024-04-19,First Class,Consumer,West,Furniture,Bookcases,8,0.0,6255.82,813.52
ORD-3528,2024-01-01,2024-01-05,Standard Class,Consumer,North,Office Supplies,Storage,6,0.2,166.49,31.58
ORD-3529,2024-10-01,2024-10-04,Same Day,Home Office,North,Furniture,Furnishings,4,0.5,2006.55,45.25
ORD-3530,2023-10-30,2023-11-02,Second Class,Corporate,North,Technology,Machines,5,0.15,6354.74,1284.78
ORD-3531,2024-10-10,2024-10-16,Standard Class,Corporate,South,Office Supplies,Paper,9,0.0,884.66,230.74
ORD-3532,2023-12-26,2023-12-31,Standard Class,Home Office,North,Technology,Phones,3,0.3,2991.74,-6.96
ORD-3533,2024-09-01,2024-09-03,Standard Class,Consumer,South,Technology,Machines,7,0.0,3291.17,940.49
ORD-3534,2024-04-02,2024-04-05,Second Class,Consumer,West,Furniture,Chairs,9,0.15,614.32,145.31
ORD-3535,2024-04-29,2024-05-03,Standard Class,Home Office,East,Technology,Copiers,2,0.0,3527.13,1101.89
ORD-3536,2024-11-17,2024-11-22,Second Class,Corporate,North,Office Supplies,Art,9,0.0,253.5,22.51
ORD-3537,2023-08-09,2023-08-11,Standard Class,Consumer,North,Office Supplies,Art,5,0.3,587.99,17.55
ORD-3538,2024-10-09,2024-10-11,Standard Class,Corporate,North,Office Supplies,Binders,8,0.1,342.29,58.8
ORD-3539,2024-06-02,2024-06-07,Second Class,Home Office,South,Office Supplies,Binders,2,0.2,107.33,32.09
ORD-3540,2023-09-29,2023-10-06,First Class,Consumer,North,Technology,Machines,5,0.0,3095.19,445.55
ORD-3541,2023-03-02,2023-03-06,Standard Class,Corporate,North,Technology,Copiers,6,0.0,528.16,54.19
ORD-3542,2023-04-03,2023-04-09,Standard Class,Home Office,North,Furniture,Tables,8,0.1,2184.8,620.37
ORD-3543,2023-11-03,2023-11-10,Standard Class,Consumer,North,Office Supplies,Storage,8,0.0,1018.24,222.85
ORD-3544,2024-05-24,2024-05-31,Second Class,Consumer,North,Furniture,Tables,6,0.15,1620.54,243.19
ORD-3545,2024-09-10,2024-09-13,Second Class,Home Office,North,Office Supplies,Paper,9,0.1,832.51,288.6
ORD-3546,2023-04-04,2023-04-07,Standard Class,Consumer,East,Technology,Accessories,9,0.3,10119.53,-481.07
ORD-3547,2024-09-27,2024-10-01,Second Class,Home Office,East,Office Supplies,Binders,4,0.2,29.4,3.1
ORD-3548,2024-10-25,2024-10-29,Standard Class,Corporate,North,Office Supplies,Paper,8,0.1,626.02,157.95
ORD-3549,2023-08-08,2023-08-14,Standard Class,Home Office,South,Technology,Phones,5,0.0,2120.34,692.04
ORD-3550,2024-08-03,2024-08-06,Second Class,Corporate,East,Office Supplies,Storage,6,0.15,680.2,229.38
ORD-3551,2023-12-24,2023-12-31,First Class,Corporate,East,Technology,Copiers,4,0.5,4540.14,-230.47
ORD-3552,2023-03-17,2023-03-20,Standard Class,Corporate,North,Furniture,Chairs,9,0.15,4104.3,1240.8
ORD-3553,2024-03-05,2024-03-06,Standard Class,Corporate,North,Technology,Phones,8,0.1,7924.86,2680.64
ORD-3554,2024-08-18,2024-08-20,Standard Class,Consumer,West,Office Supplies,Paper,5,0.0,634.64,91.7
ORD-3555,2024-09-12,2024-09-14,Standard Class,Corporate,South,Furniture,Bookcases,7,0.0,2667.91,356.3
ORD-3556,2023-02-11,2023-02-16,Standard Class,Corporate,North,Furniture,Bookcases,6,0.1,3773.6,942.67
ORD-3557,2023-09-27,2023-10-03,First Class,Consumer,South,Technology,Phones,4,0.0,3399.72,245.78
ORD-3558,2024-12-31,2025-01-02,Standard Class,Consumer,East,Technology,Copiers,3,0.2,1255.43,219.94
ORD-3559,2023-08-18,2023-08-19,Standard Class,Consumer,East,Office Supplies,Storage,4,0.0,273.79,64.35
ORD-3560,2024-05-25,2024-05-31,Second Class,Consumer,South,Furniture,Tables,8,0.0,4206.2,1137.03
ORD-3561,2023-10-15,2023-10-21,Standard Class,Corporate,North,Technology,Machines,7,0.4,10749.02,574.53
ORD-3562,2024-05-03,2024-05-07,Standard Class,Consumer,East,Office Supplies,Paper,8,0.1,1053.66,358.07
ORD-3563,2024-08-29,2024-09-01,Standard Class,Consumer,South,Furniture,Tables,3,0.0,635.95,178.65
ORD-3564,2024-04-16,2024-04-17,Standard Class,Consumer,North,Office Supplies,Storage,1,0.0,39.69,12.93
ORD-3565,2023-05-25,2023-06-01,Second Class,Corporate,West,Office Supplies,Binders,5,0.2,288.91,72.2
ORD-3566,2023-12-24,2023-12-26,Standard Class,Home Office,North,Furniture,Chairs,8,0.0,1455.85,213.22
ORD-3567,2024-04-03,2024-04-06,Standard Class,Corporate,West,Technology,Machines,8,0.0,7544.76,398.92
ORD-3568,2024-08-06,2024-08-11,Standard Class,Home Office,North,Office Supplies,Binders,6,0.0,399.22,104.61
ORD-3569,2024-03-05,2024-03-12,Second Class,Consumer,West,Office Supplies,Paper,6,0.15,350.91,55.44
ORD-3570,2023-11-16,2023-11-19,First Class,Consumer,East,Office Supplies,Storage,7,0.2,150.54,8.41
ORD-3571,2023-07-24,2023-07-28,Second Class,Corporate,South,Office Supplies,Paper,1,0.1,81.59,20.89
ORD-3572,2023-05-26,2023-05-27,Standard Class,Consumer,North,Technology,Phones,6,0.15,9704.09,1333.1
ORD-3573,2023-01-27,2023-01-28,Standard Class,Consumer,North,Office Supplies,Storage,3,0.0,370.7,88.78
ORD-3574,2023-06-29,2023-07-06,Standard Class,Home Office,West,Office Supplies,Paper,4,0.5,102.15,9.19
ORD-3575,2023-12-31,2024-01-03,First Class,Consumer,North,Technology,Copiers,9,0.15,5917.41,2023.88
ORD-3576,2024-09-18,2024-09-23,First Class,Corporate,East,Technology,Accessories,6,0.3,1417.16,-80.91
ORD-3577,2024-02-20,2024-02-23,Second Class,Consumer,South,Office Supplies,Art,2,0.15,167.87,21.51
ORD-3578,2024-09-22,2024-09-27,First Class,Corporate,North,Technology,Accessories,1,0.15,100.86,32.35
ORD-3579,2023-04-08,2023-04-11,Second Class,Corporate,East,Office Supplies,Paper,8,0.3,646.66,82.34
ORD-3580,2024-10-09,2024-10-14,Standard Class,Corporate,South,Office Supplies,Art,3,0.15,179.36,43.85
ORD-3581,2023-03-16,2023-03-18,Standard Class,Consumer,South,Office Supplies,Storage,4,0.1,215.72,16.52
ORD-3582,2024-07-13,2024-07-16,Same Day,Home Office,North,Technology,Phones,3,0.0,4818.52,1552.86
ORD-3583,2023-08-28,2023-09-04,Standard Class,Consumer,West,Office Supplies,Paper,1,0.2,11.25,3.42
ORD-3584,2023-12-06,2023-12-09,First Class,Home Office,East,Technology,Phones,5,0.0,2235.34,468.09
ORD-3585,2024-08-16,2024-08-20,First Class,Home Office,South,Office Supplies,Paper,8,0.0,398.47,93.42
ORD-3586,2023-06-24,2023-06-28,Second Class,Corporate,North,Office Supplies,Art,1,0.0,18.9,1.96
ORD-3587,2023-06-16,2023-06-23,Second Class,Corporate,North,Office Supplies,Storage,1,0.5,27.89,3.18
ORD-3588,2023-11-12,2023-11-14,Standard Class,Corporate,East,Technology,Phones,7,0.1,474.7,32.25
ORD-3589,2024-04-20,2024-04-24,Standard Class,Consumer,South,Office Supplies,Art,9,0.3,657.49,-43.23
ORD-3590,2024-10-31,2024-11-04,Standard Class,Corporate,East,Furniture,Chairs,5,0.1,2267.76,793.12
ORD-3591,2023-04-17,2023-04-18,Standard Class,Corporate,South,Furniture,Bookcases,2,0.1,200.76,10.42
ORD-3592,2024-04-19,2024-04-23,First Class,Home Office,North,Office Supplies,Binders,3,0.1,136.5,10.87
ORD-3593,2023-09-19,2023-09-25,Standard Class,Home Office,North,Technology,Copiers,5,0.1,8144.27,2009.58
ORD-3594,2023-10-23,2023-10-25,Standard Class,Corporate,South,Office Supplies,Art,3,0.0,134.27,30.79
ORD-3595,2023-10-05,2023-10-12,Second Class,Consumer,West,Office Supplies,Art,5,0.0,254.57,36.3
ORD-3596,2024-01-15,2024-01-19,Standard Class,Consumer,East,Office Supplies,Paper,6,0.15,773.74,59.61
ORD-3597,2023-03-16,2023-03-22,First Class,Consumer,West,Furniture,Chairs,9,0.1,3256.53,602.09
ORD-3598,2024-09-09,2024-09-13,Standard Class,Consumer,South,Office Supplies,Binders,4,0.2,185.98,61.57
ORD-3599,2023-01-06,2023-01-08,Same Day,Consumer,South,Office Supplies,Art,8,0.0,398.7,72.98
ORD-3600,2024-08-22,2024-08-28,Standard Class,Home Office,North,Furniture,Bookcases,4,0.2,2738.45,396.91
ORD-3601,2023-09-27,2023-09-28,Second Class,Corporate,North,Office Supplies,Paper,4,0.0,329.09,97.56
ORD-3602,2024-03-23,2024-03-29,Standard Class,Consumer,East,Furniture,Chairs,4,0.1,1328.18,363.15
ORD-3603,2023-10-17,2023-10-22,Standard Class,Corporate,North,Office Supplies,Paper,1,0.0,67.27,21.34
ORD-3604,2024-05-13,2024-05-16,First Class,Home Office,North,Office Supplies,Paper,5,0.15,513.01,120.99
ORD-3605,2024-02-23,2024-02-25,Standard Class,Corporate,West,Office Supplies,Art,5,0.3,563.02,-25.1
ORD-3606,2024-01-08,2024-01-10,Standard Class,Consumer,South,Office Supplies,Binders,7,0.0,66.16,16.05
ORD-3607,2024-12-09,2024-12-16,Standard Class,Consumer,North,Office Supplies,Storage,5,0.2,583.88,151.95
ORD-3608,2024-01-20,2024-01-25,First Class,Home Office,South,Technology,Phones,5,0.0,8087.86,1917.63
ORD-3609,2024-12-18,2024-12-22,Second Class,Home Office,North,Technology,Copiers,9,0.1,9582.68,2535.2
ORD-3610,2024-06-21,2024-06-23,Standard Class,Consumer,South,Furniture,Furnishings,2,0.1,1642.85,110.26
ORD-3611,2024-06-16,2024-06-22,Standard Class,Consumer,East,Office Supplies,Binders,4,0.0,336.31,64.56
ORD-3612,2024-10-27,2024-11-02,Same Day,Consumer,West,Office Supplies,Paper,7,0.15,484.88,48.78
ORD-3613,2023-12-26,2024-01-01,Standard Class,Corporate,North,Office Supplies,Paper,1,0.3,106.51,16.09
ORD-3614,2024-01-16,2024-01-20,Same Day,Consumer,West,Technology,Copiers,5,0.0,917.96,246.49
ORD-3615,2023-11-06,2023-11-10,Second Class,Consumer,North,Furniture,Chairs,8,0.15,4793.18,411.39
ORD-3616,2024-08-05,2024-08-12,Standard Class,Consumer,North,Technology,Machines,3,0.4,3695.69,125.34
ORD-3617,2024-06-19,2024-06-21,Standard Class,Corporate,North,Office Supplies,Paper,2,0.3,178.67,7.77
ORD-3618,2024-03-11,2024-03-16,Same Day,Consumer,North,Office Supplies,Art,8,0.0,918.69,174.45
ORD-3619,2024-02-14,2024-02-21,Standard Class,Consumer,East,Furniture,Furnishings,4,0.0,2951.83,671.41
ORD-3620,2024-08-02,2024-08-05,Standard Class,Consumer,North,Furniture,Tables,6,0.1,4176.98,667.89
ORD-3621,2024-03-07,2024-03-13,Standard Class,Home Office,East,Office Supplies,Paper,5,0.0,510.16,66.18
ORD-3622,2023-05-05,2023-05-07,Standard Class,Home Office,North,Technology,Machines,6,0.0,9894.03,1885.93
ORD-3623,2023-01-06,2023-01-07,Second Class,Corporate,West,Office Supplies,Art,3,0.5,199.59,9.59
ORD-3624,2023-05-31,2023-06-01,Standard Class,Corporate,North,Furniture,Tables,1,0.15,630.03,93.39
ORD-3625,2023-11-15,2023-11-20,Standard Class,Consumer,East,Office Supplies,Art,6,0.0,675.35,93.45
ORD-3626,2023-09-30,2023-10-05,First Class,Home Office,South,Office Supplies,Art,6,0.0,74.76,16.59
ORD-3627,2023-09-15,2023-09-18,Standard Class,Consumer,South,Office Supplies,Paper,1,0.0,126.34,42.08
ORD-3628,2024-03-08,2024-03-13,Standard Class,Consumer,East,Technology,Accessories,3,0.3,3368.82,-50.94
ORD-3629,2023-07-30,2023-08-06,Standard Class,Consumer,West,Office Supplies,Art,9,0.0,138.94,35.8
ORD-3630,2024-04-06,2024-04-08,First Class,Home Office,East,Furniture,Bookcases,1,0.5,345.58,-39.77
ORD-3631,2024-01-29,2024-02-02,Standard Class,Home Office,East,Technology,Copiers,8,0.15,4690.9,1016.31
ORD-3632,2024-02-01,2024-02-06,Standard Class,Consumer,West,Furniture,Furnishings,2,0.2,1344.17,298.16
ORD-3633,2024-07-17,2024-07-21,Standard Class,Corporate,North,Technology,Copiers,2,0.0,686.74,50.59
ORD-3634,2024-05-13,2024-05-16,Standard Class,Corporate,West,Office Supplies,Storage,7,0.1,625.54,32.23
ORD-3635,2024-09-03,2024-09-06,Standard Class,Home Office,South,Office Supplies,Art,4,0.1,215.15,51.33
ORD-3636,2023-07-11,2023-07-14,Same Day,Consumer,South,Office Supplies,Storage,7,0.0,822.74,166.8
ORD-3637,2024-03-24,2024-03-31,Standard Class,Home Office,North,Furniture,Tables,3,0.2,2456.51,773.52
ORD-3638,2024-10-22,2024-10-27,First Class,Consumer,South,Technology,Machines,1,0.0,1333.0,427.94
ORD-3639,2024-11-12,2024-11-18,First Class,Consumer,West,Office Supplies,Art,9,0.2,126.0,33.29
ORD-3640,2024-03-24,2024-03-27,Standard Class,Corporate,South,Office Supplies,Art,5,0.1,635.15,49.15
ORD-3641,2023-05-01,2023-05-03,Second Class,Corporate,South,Technology,Phones,9,0.15,3665.64,724.91
ORD-3642,2023-01-17,2023-01-23,Standard Class,Consumer,North,Technology,Accessories,4,0.0,5251.69,1539.51
ORD-3643,2023-04-10,2023-04-12,Second Class,Consumer,South,Office Supplies,Binders,7,0.0,177.69,23.25
ORD-3644,2023-09-21,2023-09-22,Standard Class,Consumer,North,Furniture,Bookcases,8,0.1,1989.5,197.5
ORD-3645,2024-05-13,2024-05-16,Standard Class,Corporate,South,Furniture,Bookcases,8,0.15,5277.53,805.58
ORD-3646,2023-10-12,2023-10-19,Standard Class,Consumer,East,Office Supplies,Art,8,0.5,372.44,5.22
ORD-3647,2024-11-21,2024-11-25,Standard Class,Corporate,South,Office Supplies,Art,6,0.1,215.88,41.64
ORD-3648,2024-12-07,2024-12-12,Standard Class,Corporate,West,Technology,Phones,8,0.4,1155.37,188.87
ORD-3649,2024-04-22,2024-04-23,Same Day,Home Office,South,Technology,Phones,7,0.0,10118.53,2648.56
ORD-3650,2024-12-08,2024-12-09,Standard Class,Consumer,North,Technology,Machines,1,0.5,1306.21,-15.76
ORD-3651,2024-01-23,2024-01-25,Standard Class,Consumer,East,Office Supplies,Storage,5,0.3,605.25,9.61
ORD-3652,2024-02-24,2024-02-29,Standard Class,Consumer,West,Office Supplies,Paper,9,0.0,547.73,33.29
ORD-3653,2024-04-09,2024-04-13,Same Day,Corporate,North,Office Supplies,Binders,8,0.0,714.21,78.75
ORD-3654,2023-03-20,2023-03-21,Standard Class,Consumer,North,Technology,Accessories,9,0.2,4299.83,326.65
ORD-3655,2023-12-05,2023-12-09,Same Day,Corporate,West,Technology,Copiers,8,0.3,3715.07,342.5
ORD-3656,2023-07-29,2023-08-04,First Class,Home Office,North,Office Supplies,Binders,9,0.1,1220.19,247.86
ORD-3657,2024-01-09,2024-01-12,Standard Class,Corporate,North,Furniture,Furnishings,5,0.4,1252.8,-96.5
ORD-3658,2024-11-14,2024-11-21,Standard Class,Corporate,South,Furniture,Chairs,5,0.1,1022.35,353.41
ORD-3659,2024-08-09,2024-08-12,First Class,Consumer,East,Furniture,Bookcases,2,0.0,1430.25,346.02
ORD-3660,2024-10-12,2024-10-14,Standard Class,Consumer,North,Office Supplies,Art,2,0.15,61.8,6.75
ORD-3661,2023-08-15,2023-08-22,Standard Class,Consumer,South,Furniture,Tables,8,0.5,1040.26,-76.52
ORD-3662,2024-01-29,2024-02-04,Standard Class,Home Office,North,Furniture,Furnishings,4,0.15,2103.7,353.64
ORD-3663,2024-02-29,2024-03-05,Second Class,Corporate,North,Office Supplies,Storage,3,0.15,313.96,49.13
ORD-3664,2023-03-21,2023-03-23,First Class,Consumer,West,Office Supplies,Storage,1,0.0,57.32,12.32
ORD-3665,2024-09-26,2024-10-03,Same Day,Consumer,North,Office Supplies,Paper,7,0.0,660.7,146.47
ORD-3666,2023-09-27,2023-09-30,Second Class,Consumer,West,Office Supplies,Paper,4,0.1,144.03,43.28
ORD-3667,2023-03-12,2023-03-13,Standard Class,Home Office,North,Technology,Machines,2,0.15,1287.31,329.9
ORD-3668,2023-11-20,2023-11-27,Standard Class,Home Office,South,Technology,Copiers,8,0.3,9240.25,221.26
ORD-3669,2023-02-10,2023-02-14,Standard Class,Home Office,North,Technology,Machines,7,0.3,10643.35,1927.53
ORD-3670,2023-11-28,2023-12-01,Standard Class,Consumer,East,Office Supplies,Storage,6,0.3,39.95,7.13
ORD-3671,2023-11-16,2023-11-18,Standard Class,Corporate,South,Office Supplies,Binders,2,0.1,152.53,12.07
ORD-3672,2024-06-04,2024-06-06,First Class,Consumer,North,Office Supplies,Art,1,0.2,123.27,20.94
ORD-3673,2024-10-14,2024-10-20,Standard Class,Corporate,West,Office Supplies,Storage,7,0.2,132.71,25.72
ORD-3674,2023-02-26,2023-03-03,Same Day,Home Office,East,Office Supplies,Paper,1,0.1,123.45,33.7
ORD-3675,2024-04-13,2024-04-14,Standard Class,Consumer,South,Office Supplies,Art,9,0.15,553.73,82.06
ORD-3676,2024-07-22,2024-07-23,First Class,Consumer,West,Furniture,Tables,9,0.15,7726.86,1782.89
ORD-3677,2023-01-31,2023-02-05,Second Class,Home Office,West,Office Supplies,Storage,8,0.15,174.89,9.1
ORD-3678,2024-06-13,2024-06-16,First Class,Home Office,South,Office Supplies,Paper,2,0.15,18.97,3.34
ORD-3679,2024-03-11,2024-03-15,Second Class,Consumer,South,Technology,Phones,2,0.0,487.36,114.21
ORD-3680,2024-03-13,2024-03-17,Standard Class,Corporate,North,Office Supplies,Binders,6,0.0,209.32,49.88
ORD-3681,2023-09-05,2023-09-10,Second Class,Consumer,West,Office Supplies,Paper,2,0.15,84.97,6.26
ORD-3682,2023-09-23,2023-09-24,Standard Class,Consumer,South,Technology,Accessories,7,0.3,4091.85,469.04
ORD-3683,2023-08-19,2023-08-23,First Class,Consumer,North,Office Supplies,Art,3,0.1,213.99,26.09
ORD-3684,2023-12-24,2023-12-26,Standard Class,Corporate,East,Office Supplies,Storage,4,0.0,77.59,15.31
ORD-3685,2024-09-10,2024-09-16,Second Class,Consumer,South,Technology,Copiers,4,0.1,1209.8,406.16
ORD-3686,2024-08-21,2024-08-24,Standard Class,Consumer,South,Office Supplies,Paper,7,0.3,207.89,-3.63
ORD-3687,2023-08-27,2023-08-28,Second Class,Corporate,South,Furniture,Chairs,1,0.0,801.69,259.43
ORD-3688,2023-05-29,2023-06-05,Standard Class,Consumer,North,Technology,Accessories,9,0.1,8168.11,2494.82
ORD-3689,2023-06-17,2023-06-19,Standard Class,Consumer,South,Furniture,Bookcases,3,0.3,868.88,143.82
ORD-3690,2024-01-11,2024-01-12,Second Class,Corporate,East,Office Supplies,Paper,2,0.0,140.48,7.5
ORD-3691,2023-11-17,2023-11-21,Second Class,Home Office,North,Furniture,Bookcases,4,0.3,1784.52,168.7
ORD-3692,2023-10-21,2023-10-28,Second Class,Consumer,East,Technology,Copiers,3,0.1,4597.1,846.57
ORD-3693,2024-02-01,2024-02-03,Second Class,Consumer,South,Furniture,Furnishings,1,0.0,405.89,102.28
ORD-3694,2024-11-30,2024-12-01,Standard Class,Consumer,West,Office Supplies,Paper,5,0.0,31.78,7.12
ORD-3695,2024-05-29,2024-05-30,Same Day,Corporate,East,Office Supplies,Paper,9,0.2,1080.8,294.65
ORD-3696,2024-09-02,2024-09-08,Second Class,Corporate,West,Office Supplies,Art,9,0.1,94.16,27.74
ORD-3697,2023-04-14,2023-04-19,Second Class,Home Office,West,Technology,Accessories,4,0.0,1780.75,267.69
ORD-3698,2023-04-07,2023-04-09,Standard Class,Consumer,South,Office Supplies,Art,4,0.1,445.38,66.61
ORD-3699,2023-10-29,2023-10-30,First Class,Corporate,South,Furniture,Bookcases,3,0.0,1448.07,274.51
ORD-3700,2023-07-20,2023-07-22,Standard Class,Consumer,South,Technology,Copiers,9,0.3,14455.48,538.09
ORD-3701,2023-03-02,2023-03-04,Standard Class,Consumer,North,Office Supplies,Storage,6,0.15,385.99,98.51
ORD-3702,2024-07-01,2024-07-02,First Class,Home Office,East,Technology,Accessories,2,0.1,651.6,150.24
ORD-3703,2023-04-29,2023-04-30,Standard Class,Corporate,West,Technology,Phones,3,0.5,1004.59,-116.19
ORD-3704,2024-11-13,2024-11-17,Same Day,Consumer,North,Technology,Copiers,9,0.15,8571.94,2256.55
ORD-3705,2024-10-22,2024-10-29,Standard Class,Consumer,South,Technology,Copiers,8,0.15,2417.36,260.37
ORD-3706,2023-12-16,2023-12-18,Standard Class,Consumer,West,Office Supplies,Paper,9,0.3,663.03,97.33
ORD-3707,2024-11-20,2024-11-26,Standard Class,Corporate,North,Technology,Accessories,6,0.3,8784.94,1364.17
ORD-3708,2023-10-08,2023-10-13,Standard Class,Consumer,East,Office Supplies,Paper,6,0.0,647.32,182.1
ORD-3709,2024-10-22,2024-10-24,Second Class,Consumer,West,Office Supplies,Storage,4,0.1,53.68,6.29
ORD-3710,2023-05-16,2023-05-22,Second Class,Consumer,South,Furniture,Bookcases,7,0.15,5965.27,903.34
ORD-3711,2024-08-23,2024-08-25,Standard Class,Home Office,East,Office Supplies,Paper,6,0.0,856.01,224.15
ORD-3712,2023-10-31,2023-11-03,Standard Class,Corporate,West,Office Supplies,Binders,5,0.15,135.37,42.51
ORD-3713,2023-12-02,2023-12-07,Second Class,Consumer,North,Technology,Copiers,4,0.1,4645.71,481.26
ORD-3714,2024-06-26,2024-06-30,Standard Class,Home Office,West,Furniture,Chairs,4,0.0,3583.45,1224.35
ORD-3715,2023-09-19,2023-09-21,Same Day,Home Office,North,Technology,Copiers,4,0.0,1366.73,238.18
ORD-3716,2023-03-14,2023-03-19,Standard Class,Consumer,North,Office Supplies,Storage,5,0.0,491.84,155.05
ORD-3717,2024-10-23,2024-10-29,Standard Class,Consumer,West,Furniture,Tables,4,0.1,291.63,48.36
ORD-3718,2024-07-06,2024-07-08,Same Day,Corporate,North,Technology,Copiers,1,0.0,1313.38,110.72
ORD-3719,2024-08-26,2024-08-29,First Class,Consumer,West,Furniture,Tables,1,0.0,361.07,79.54
ORD-3720,2024-07-27,2024-08-02,Standard Class,Consumer,North,Technology,Copiers,4,0.0,7183.47,2106.66
ORD-3721,2024-05-21,2024-05-27,Standard Class,Consumer,West,Technology,Machines,2,0.1,1085.86,224.71
ORD-3722,2023-06-11,2023-06-18,Standard Class,Consumer,North,Office Supplies,Storage,1,0.0,138.01,16.16
ORD-3723,2024-10-19,2024-10-24,Second Class,Corporate,South,Office Supplies,Paper,7,0.15,200.66,15.77
ORD-3724,2023-01-17,2023-01-19,Second Class,Home Office,East,Office Supplies,Binders,9,0.15,914.8,59.46
ORD-3725,2023-03-09,2023-03-14,Standard Class,Corporate,East,Office Supplies,Storage,2,0.3,253.92,19.32
ORD-3726,2023-03-09,2023-03-16,Standard Class,Corporate,North,Furniture,Bookcases,9,0.15,6989.32,1570.18
ORD-3727,2024-05-05,2024-05-07,Same Day,Corporate,East,Technology,Phones,2,0.1,1185.75,316.66
ORD-3728,2024-04-29,2024-05-01,Standard Class,Consumer,North,Technology,Copiers,6,0.15,8237.58,1630.97
ORD-3729,2024-11-02,2024-11-03,Standard Class,Consumer,East,Furniture,Chairs,9,0.3,5084.82,-124.14
ORD-3730,2024-03-16,2024-03-17,Same Day,Home Office,North,Furniture,Chairs,1,0.0,241.97,12.87
ORD-3731,2023-02-23,2023-02-25,Standard Class,Consumer,North,Furniture,Bookcases,9,0.0,2673.46,777.16
ORD-3732,2023-09-15,2023-09-21,Same Day,Consumer,South,Office Supplies,Art,6,0.15,117.76,13.03
ORD-3733,2023-06-27,2023-06-29,Standard Class,Consumer,West,Technology,Accessories,7,0.15,403.75,55.49
ORD-3734,2023-02-28,2023-03-01,Standard Class,Consumer,East,Office Supplies,Storage,1,0.0,106.38,11.25
ORD-3735,2024-02-02,2024-02-05,Second Class,Corporate,North,Office Supplies,Art,4,0.0,494.56,45.91
ORD-3736,2023-04-08,2023-04-15,Standard Class,Home Office,South,Technology,Copiers,5,0.2,5613.87,1880.75
ORD-3737,2024-04-22,2024-04-29,Standard Class,Consumer,East,Furniture,Furnishings,8,0.4,6197.75,1073.64
ORD-3738,2023-05-01,2023-05-02,Standard Class,Corporate,North,Furniture,Furnishings,5,0.15,736.02,156.53
ORD-3739,2024-02-10,2024-02-14,Standard Class,Home Office,North,Technology,Machines,1,0.3,846.27,152.01
ORD-3740,2024-01-04,2024-01-10,Standard Class,Home Office,North,Technology,Copiers,3,0.0,2380.83,191.77
ORD-3741,2023-09-08,2023-09-10,First Class,Home Office,East,Furniture,Furnishings,4,0.5,3005.55,146.91
ORD-3742,2023-05-11,2023-05-14,Standard Class,Consumer,West,Technology,Machines,8,0.1,6406.31,1392.92
ORD-3743,2023-03-20,2023-03-25,First Class,Consumer,North,Office Supplies,Art,3,0.0,185.42,48.29
ORD-3744,2023-11-25,2023-12-01,Second Class,Home Office,South,Furniture,Chairs,5,0.0,1083.63,152.29
ORD-3745,2024-09-17,2024-09-20,Standard Class,Corporate,East,Furniture,Tables,3,0.0,848.77,122.24
ORD-3746,2023-11-30,2023-12-03,Standard Class,Corporate,North,Technology,Copiers,6,0.2,8058.01,647.38
ORD-3747,2023-04-28,2023-05-04,First Class,Corporate,East,Technology,Accessories,7,0.1,735.67,83.03
ORD-3748,2023-11-14,2023-11-21,Standard Class,Home Office,East,Technology,Machines,7,0.3,4126.98,-245.26
ORD-3749,2024-11-14,2024-11-17,Standard Class,Consumer,East,Furniture,Bookcases,3,0.3,1410.36,-68.31
ORD-3750,2023-04-17,2023-04-22,Standard Class,Consumer,East,Furniture,Tables,3,0.15,1018.26,259.29
ORD-3751,2024-04-09,2024-04-15,Standard Class,Corporate,East,Furniture,Chairs,1,0.0,163.85,29.06
ORD-3752,2023-01-21,2023-01-22,,Consumer,East,Office Supplies,Art,7,0.15,316.44,32.48
ORD-3753,2024-05-13,2024-05-19,Standard Class,Consumer,West,Furniture,Bookcases,9,0.1,1999.07,381.06
ORD-3754,2024-12-18,2024-12-22,Standard Class,Consumer,South,Furniture,Tables,7,0.0,2288.12,178.0
ORD-3755,2024-06-22,2024-06-25,First Class,Corporate,East,Office Supplies,Storage,6,0.3,620.08,65.43
ORD-3756,2024-07-29,2024-08-02,First Class,Corporate,North,Technology,Machines,3,0.0,5248.32,1071.58
ORD-3757,2023-08-16,2023-08-18,Standard Class,Consumer,North,Office Supplies,Binders,9,0.0,928.55,273.79
ORD-3758,2024-08-05,2024-08-12,First Class,Corporate,North,Furniture,Furnishings,4,0.2,1984.87,470.82
ORD-3759,2024-10-05,2024-10-12,Same Day,Consumer,North,Office Supplies,Art,8,0.3,682.38,-47.74
ORD-3760,2024-07-03,2024-07-10,Standard Class,Consumer,South,Technology,Machines,5,0.5,3278.98,-469.83
ORD-3761,2023-01-08,2023-01-13,Standard Class,Consumer,West,Technology,Phones,4,0.2,3185.77,242.9
ORD-3762,2023-04-04,2023-04-11,Standard Class,Corporate,East,Technology,Accessories,7,0.0,6504.4,1642.37
ORD-3763,2024-10-11,2024-10-13,Second Class,Corporate,North,Office Supplies,Storage,7,0.15,322.29,86.91
ORD-3764,2024-01-24,2024-01-29,Second Class,Consumer,North,Furniture,Furnishings,4,0.0,2533.19,149.61
ORD-3765,2023-11-23,2023-11-29,Second Class,Home Office,East,Technology,Accessories,3,0.1,3651.31,308.64
ORD-3766,2023-03-04,2023-03-08,Standard Class,Corporate,East,Furniture,Bookcases,9,0.15,7517.64,2558.61
ORD-3767,2024-11-04,2024-11-05,Standard Class,Corporate,North,Office Supplies,Storage,5,0.0,154.53,31.45
ORD-3768,2024-11-05,2024-11-11,Second Class,Home Office,North,Technology,Phones,9,0.2,10857.62,3476.23
ORD-3769,2023-04-19,2023-04-20,Standard Class,Consumer,North,Technology,Phones,3,0.15,3600.82,781.98
ORD-3770,2023-10-10,2023-10-13,First Class,Home Office,North,Office Supplies,Paper,1,0.0,5.79,0.33
ORD-3771,2024-01-30,2024-02-04,Standard Class,Home Office,South,Office Supplies,Storage,6,0.0,571.35,67.77
ORD-3772,2023-02-05,2023-02-12,First Class,Home Office,North,Furniture,Bookcases,7,0.0,6053.76,1956.65
ORD-3773,2023-07-24,2023-07-27,Standard Class,Consumer,South,Furniture,Tables,3,0.4,472.07,-45.24
ORD-3774,2024-11-17,2024-11-18,Standard Class,Corporate,North,Technology,Accessories,7,0.0,11916.73,1428.71
ORD-3775,2024-04-30,2024-05-07,Second Class,Corporate,North,Office Supplies,Storage,6,0.4,241.26,-5.82
ORD-3776,2023-03-08,2023-03-15,Second Class,Home Office,North,Office Supplies,Paper,1,0.1,133.29,45.75
ORD-3777,2024-03-09,2024-03-12,First Class,Consumer,South,Technology,Accessories,2,0.3,392.74,47.07
ORD-3778,2024-10-22,2024-10-27,Standard Class,Consumer,South,Technology,Accessories,6,0.0,6609.14,979.23
ORD-3779,2023-07-30,2023-08-06,Same Day,Home Office,South,Technology,Accessories,6,0.0,8620.83,1401.78
ORD-3780,2024-11-27,2024-12-03,First Class,Corporate,South,Technology,Machines,8,0.0,12170.21,2480.7
ORD-3781,2023-03-31,2023-04-06,Second Class,Consumer,South,Office Supplies,Art,8,0.0,768.03,227.05
ORD-3782,2023-06-23,2023-06-27,Second Class,Home Office,North,Office Supplies,Paper,2,0.3,162.96,2.84
ORD-3783,2024-09-22,2024-09-25,Standard Class,Consumer,West,Furniture,Chairs,6,0.15,2463.9,147.17
ORD-3784,2023-10-23,2023-10-27,Standard Class,Corporate,East,Office Supplies,Binders,2,0.2,137.39,28.17
ORD-3785,2023-12-16,2023-12-23,First Class,Consumer,South,Office Supplies,Art,1,0.3,71.28,1.62
ORD-3786,2024-06-21,2024-06-25,Standard Class,Corporate,South,Technology,Machines,4,0.1,3492.04,548.19
ORD-3787,2024-06-27,2024-07-01,Standard Class,Corporate,South,Office Supplies,Paper,9,0.0,574.96,114.1
ORD-3788,2024-04-23,2024-04-26,Standard Class,Corporate,South,Furniture,Tables,8,0.0,3100.31,957.39
ORD-3789,2023-09-01,2023-09-06,Standard Class,Corporate,North,Technology,Phones,1,0.0,1303.94,364.77
ORD-3790,2024-05-18,2024-05-20,Standard Class,Consumer,East,Technology,Phones,5,0.1,2006.24,110.94
ORD-3791,2023-09-11,2023-09-18,Standard Class,Home Office,South,Technology,Phones,6,0.0,10062.78,2613.75
ORD-3792,2024-06-29,2024-07-04,Standard Class,Corporate,West,Technology,Copiers,2,0.5,2622.08,-346.13
ORD-3793,2024-12-20,2024-12-22,Standard Class,Consumer,East,Office Supplies,Binders,4,0.0,301.04,93.17
ORD-3794,2024-01-29,2024-01-31,Same Day,Home Office,North,Office Supplies,Art,5,0.3,354.71,65.05
ORD-3795,2023-11-22,2023-11-26,Standard Class,Consumer,North,Office Supplies,Storage,8,0.1,682.95,178.76
ORD-3796,2024-10-31,2024-11-03,Standard Class,Corporate,South,Office Supplies,Storage,7,0.0,830.39,264.3
ORD-3797,2023-12-05,2023-12-06,Same Day,Consumer,North,Office Supplies,Binders,6,0.0,67.64,12.71
ORD-3798,2024-06-24,2024-06-30,Standard Class,Home Office,North,Office Supplies,Art,1,0.3,86.98,1.36
ORD-3799,2024-08-09,2024-08-15,Standard Class,Corporate,East,Office Supplies,Storage,6,0.1,797.31,154.01
ORD-3800,2024-10-29,2024-11-03,Second Class,Consumer,South,Technology,Phones,8,0.0,957.23,156.97
ORD-3801,2024-12-04,2024-12-05,Standard Class,Consumer,East,Office Supplies,Binders,6,0.0,760.66,127.42
ORD-3802,2024-04-15,2024-04-22,Same Day,Corporate,South,Office Supplies,Storage,6,0.2,183.18,50.56
ORD-3803,2023-05-15,2023-05-22,Standard Class,Consumer,North,Office Supplies,Paper,5,0.1,414.52,29.06
ORD-3804,2023-07-09,2023-07-14,Standard Class,Consumer,North,Office Supplies,Paper,1,0.5,41.13,3.72
ORD-3805,2024-04-21,2024-04-23,Standard Class,Consumer,South,Furniture,Chairs,2,0.0,1079.17,335.94
ORD-3806,2023-06-14,2023-06-16,Standard Class,Corporate,West,Furniture,Furnishings,1,0.4,356.69,-14.37
ORD-3807,2023-10-15,2023-10-17,Standard Class,Home Office,East,Technology,Accessories,2,0.0,931.61,188.15
ORD-3808,2024-07-07,2024-07-11,Same Day,Consumer,West,Technology,Machines,9,0.3,5357.72,891.39
ORD-3809,2023-12-20,2023-12-25,Second Class,Home Office,South,Office Supplies,Storage,9,0.1,815.26,262.17
ORD-3810,2024-06-28,2024-06-29,Second Class,Corporate,South,Furniture,Bookcases,9,0.2,5162.86,1694.42
ORD-3811,2023-06-05,2023-06-11,Standard Class,Corporate,North,Technology,Accessories,6,0.1,1594.29,223.25
ORD-3812,2024-05-14,2024-05-16,Standard Class,Corporate,West,Furniture,Chairs,6,0.2,1436.72,141.2
ORD-3813,2023-08-13,2023-08-15,Second Class,Corporate,North,Furniture,Bookcases,5,0.15,3035.99,708.52
ORD-3814,2023-06-11,2023-06-16,Standard Class,Consumer,West,Office Supplies,Binders,6,0.0,192.71,63.12
ORD-3815,2024-07-03,2024-07-05,Second Class,Consumer,South,Furniture,Bookcases,8,0.0,5298.04,1131.49
ORD-3816,2024-09-22,2024-09-24,Standard Class,Home Office,East,Furniture,Bookcases,5,0.1,2957.33,618.1
ORD-3817,2023-03-04,2023-03-10,First Class,Home Office,South,Office Supplies,Binders,7,0.15,1001.4,108.42
ORD-3818,2024-07-28,2024-08-01,Standard Class,Consumer,South,Furniture,Bookcases,3,0.0,1066.26,101.73
ORD-3819,2024-04-13,2024-04-17,First Class,Corporate,East,Technology,Copiers,4,0.3,2118.34,70.15
ORD-3820,2023-10-12,2023-10-19,Standard Class,Corporate,North,Office Supplies,Storage,9,0.4,491.64,55.43
ORD-3821,2024-05-30,2024-06-01,Second Class,Consumer,North,Office Supplies,Storage,1,0.0,69.97,17.36
ORD-3822,2023-04-29,2023-05-03,Second Class,Consumer,East,Office Supplies,Paper,2,0.0,121.35,15.02
ORD-3823,2024-01-05,2024-01-07,Standard Class,Consumer,East,Office Supplies,Storage,8,0.3,726.57,-9.8
ORD-3824,2024-11-13,2024-11-20,First Class,Consumer,West,Office Supplies,Storage,5,0.3,583.1,125.72
ORD-3825,2024-04-25,2024-04-29,Standard Class,Home Office,East,Office Supplies,Paper,4,0.2,291.01,18.17
ORD-3826,2024-06-05,2024-06-08,Same Day,Home Office,West,Technology,Copiers,4,0.2,2706.3,763.1
ORD-3827,2024-08-27,2024-08-28,Second Class,Consumer,East,Office Supplies,Storage,9,0.15,968.74,201.62
ORD-3828,2023-10-06,2023-10-08,First Class,Consumer,North,Office Supplies,Storage,6,0.3,464.87,11.67
ORD-3829,2023-01-09,2023-01-13,Standard Class,Consumer,East,Office Supplies,Storage,5,0.3,331.04,29.26
ORD-3830,2023-07-24,2023-07-27,Standard Class,Corporate,North,Furniture,Tables,7,0.0,5898.34,1435.53
ORD-3831,2024-06-02,2024-06-06,Standard Class,Consumer,South,Office Supplies,Art,2,0.0,186.93,46.01
ORD-3832,2023-03-21,2023-03-27,Standard Class,Consumer,North,Technology,Copiers,6,0.4,4533.96,-314.01
ORD-3833,2024-09-16,2024-09-17,Standard Class,Corporate,West,Office Supplies,Storage,3,0.0,185.13,30.32
ORD-3834,2023-06-02,2023-06-09,Standard Class,Corporate,South,Furniture,Furnishings,8,0.0,5490.32,1654.86
ORD-3835,2023-06-14,2023-06-21,Standard Class,Consumer,South,Office Supplies,Storage,2,0.4,146.35,27.62
ORD-3836,2024-11-18,2024-11-22,Second Class,Consumer,East,Office Supplies,Binders,9,0.4,1093.93,66.24
ORD-3837,2024-11-03,2024-11-04,Same Day,Corporate,East,Technology,Accessories,5,0.2,661.2,170.01
ORD-3838,2023-09-11,2023-09-12,Standard Class,Consumer,South,Furniture,Chairs,5,0.0,1454.18,460.79
ORD-3839,2024-08-03,2024-08-05,Same Day,Corporate,East,Furniture,Chairs,4,0.1,2051.73,638.36
ORD-3840,2023-07-04,2023-07-06,Standard Class,Consumer,West,Technology,Phones,3,0.0,618.44,82.03
ORD-3841,2024-05-04,2024-05-10,First Class,Corporate,South,Technology,Phones,9,0.2,9751.66,921.15
ORD-3842,2024-08-26,2024-09-01,First Class,Corporate,West,Furniture,Bookcases,4,0.1,2630.84,793.27
ORD-3843,2024-01-23,2024-01-25,Standard Class,Consumer,South,Technology,Phones,6,0.0,9949.8,2181.42
ORD-3844,2024-02-29,2024-03-01,First Class,Home Office,West,Office Supplies,Paper,1,0.4,131.23,17.12
ORD-3845,2023-03-11,2023-03-16,Second Class,Consumer,West,Office Supplies,Art,6,0.2,198.1,11.27
ORD-3846,2024-07-06,2024-07-08,Standard Class,Consumer,South,Furniture,Furnishings,1,0.2,334.21,49.91
ORD-3847,2023-10-21,2023-10-23,Second Class,Consumer,North,Technology,Copiers,5,0.5,1273.59,-109.24
ORD-3848,2023-03-22,2023-03-23,Same Day,Corporate,West,Office Supplies,Paper,6,0.5,429.03,-29.03
ORD-3849,2024-06-24,2024-06-28,Standard Class,Corporate,South,Technology,Copiers,3,0.2,190.66,29.53
ORD-3850,2024-10-20,2024-10-24,First Class,Home Office,North,Furniture,Bookcases,9,0.0,3927.34,351.23
ORD-3851,2023-09-05,2023-09-09,Standard Class,Consumer,East,Technology,Phones,9,0.2,5287.16,780.66
ORD-3852,2024-11-27,2024-12-03,Second Class,Corporate,South,Office Supplies,Paper,6,0.15,359.97,39.0
ORD-3853,2023-05-07,2023-05-11,Same Day,Consumer,South,Technology,Phones,3,0.0,5070.42,1344.94
ORD-3854,2023-06-24,2023-06-26,Second Class,Consumer,West,Technology,Machines,6,0.15,331.31,103.9
ORD-3855,2024-10-29,2024-10-30,First Class,Corporate,East,Furniture,Tables,3,0.4,1504.35,43.46
ORD-3856,2024-02-21,2024-02-23,Standard Class,Consumer,West,Office Supplies,Storage,8,0.0,878.05,211.44
ORD-3857,2023-02-08,2023-02-15,Second Class,Corporate,West,Furniture,Bookcases,9,0.15,1899.53,661.23
ORD-3858,2023-04-28,2023-05-03,,Corporate,West,Furniture,Tables,3,0.4,2102.37,10.07
ORD-3859,2024-12-04,2024-12-10,Standard Class,Home Office,South,Office Supplies,Art,1,0.2,35.95,5.09
ORD-3860,2024-09-24,2024-09-27,Same Day,Consumer,South,Office Supplies,Paper,6,0.15,296.13,38.13
ORD-3861,2024-12-29,2024-12-31,Standard Class,Home Office,East,Furniture,Tables,8,0.3,6462.73,708.63
ORD-3862,2024-01-23,2024-01-28,Standard Class,Home Office,East,Technology,Copiers,2,0.0,1364.29,142.38
ORD-3863,2024-09-13,2024-09-17,First Class,Home Office,West,Technology,Accessories,2,0.3,2390.04,24.8
ORD-3864,2023-10-15,2023-10-22,Standard Class,Consumer,South,Office Supplies,Art,1,0.15,56.99,12.47
ORD-3865,2024-02-12,2024-02-18,First Class,Home Office,West,Office Supplies,Binders,6,0.15,212.36,29.83
ORD-3866,2023-09-07,2023-09-10,Standard Class,Corporate,North,Furniture,Tables,4,0.5,2868.15,245.4
ORD-3867,2024-12-22,2024-12-29,Second Class,Corporate,East,Office Supplies,Binders,3,0.15,170.03,35.11
ORD-3868,2024-12-25,2024-12-29,Second Class,Corporate,East,Office Supplies,Paper,3,0.3,31.89,0.14
ORD-3869,2023-06-23,2023-06-27,First Class,Consumer,South,Furniture,Furnishings,2,0.3,964.53,53.5
ORD-3870,2023-12-14,2023-12-18,Second Class,Consumer,West,Office Supplies,Paper,2,0.0,255.34,73.27
ORD-3871,2023-12-29,2024-01-02,Standard Class,Corporate,North,Office Supplies,Paper,3,0.0,101.81,15.75
ORD-3872,2024-08-15,2024-08-21,First Class,Consumer,North,Furniture,Tables,9,0.0,3140.11,572.34
ORD-3873,2023-05-29,2023-06-03,Same Day,Consumer,East,Furniture,Chairs,9,0.0,3636.25,527.7
ORD-3874,2023-02-14,2023-02-15,Second Class,Home Office,North,Office Supplies,Paper,2,0.15,46.38,3.79
ORD-3875,2024-08-15,2024-08-19,Standard Class,Consumer,East,Office Supplies,Paper,5,0.4,105.73,4.79
ORD-3876,2023-07-06,2023-07-12,Standard Class,Consumer,South,Furniture,Bookcases,9,0.1,3470.63,719.48
ORD-3877,2024-07-14,2024-07-15,Standard Class,Consumer,East,Office Supplies,Binders,2,0.1,24.74,3.67
ORD-3878,2023-12-14,2023-12-18,Standard Class,Home Office,North,Technology,Phones,2,0.3,578.71,-31.76
ORD-3879,2023-08-29,2023-09-02,Standard Class,Home Office,East,Furniture,Furnishings,3,0.0,1997.47,246.41
ORD-3880,2023-04-14,2023-04-21,Standard Class,Consumer,South,Office Supplies,Binders,9,0.0,190.52,65.15
ORD-3881,2024-08-20,2024-08-21,Same Day,Corporate,North,Technology,Machines,2,0.2,2749.29,350.08
ORD-3882,2023-03-12,2023-03-16,Standard Class,Corporate,South,Office Supplies,Art,5,0.3,171.27,14.86
ORD-3883,2024-02-23,2024-02-29,Standard Class,Consumer,South,Office Supplies,Binders,4,0.0,244.74,77.28
ORD-3884,2023-05-31,2023-06-06,Standard Class,Consumer,South,Furniture,Bookcases,8,0.15,4046.0,343.16
ORD-3885,2024-04-12,2024-04-16,Standard Class,Corporate,South,Technology,Accessories,3,0.3,3845.95,524.45
ORD-3886,2023-10-14,2023-10-21,Standard Class,Corporate,South,Office Supplies,Art,7,0.1,395.74,57.3
ORD-3887,2024-01-01,2024-01-05,Standard Class,Consumer,East,Furniture,Furnishings,3,0.1,1773.05,473.49
ORD-3888,2023-12-16,2023-12-19,Standard Class,Corporate,North,Furniture,Tables,3,0.3,1890.94,-72.38
ORD-3889,2024-04-07,2024-04-10,Standard Class,Corporate,East,Technology,Copiers,5,0.0,1517.45,426.83
ORD-3890,2024-09-30,2024-10-02,Same Day,Consumer,East,Furniture,Furnishings,4,0.1,760.43,160.04
ORD-3891,2024-12-11,2024-12-14,Second Class,Consumer,West,Technology,Copiers,3,0.15,786.4,169.47
ORD-3892,2024-11-03,2024-11-10,Standard Class,Home Office,South,Technology,Phones,3,0.1,375.39,50.81
ORD-3893,2023-09-03,2023-09-09,Standard Class,Consumer,South,Furniture,Furnishings,7,0.5,465.03,-21.08
ORD-3894,2024-10-14,2024-10-18,Standard Class,Consumer,North,Technology,Machines,7,0.5,2977.54,-154.26
ORD-3895,2024-08-28,2024-09-01,Standard Class,Consumer,North,Office Supplies,Storage,1,0.15,101.8,7.25
ORD-3896,2024-01-06,2024-01-09,Standard Class,Consumer,East,Office Supplies,Binders,3,0.0,256.74,60.24
ORD-3897,2023-01-29,2023-01-30,Standard Class,Home Office,North,Technology,Accessories,6,0.0,8755.56,1733.23
ORD-3898,2023-11-17,2023-11-19,Second Class,Consumer,North,Furniture,Furnishings,3,0.1,1591.89,320.49
ORD-3899,2023-08-07,2023-08-12,First Class,Consumer,East,Office Supplies,Binders,1,0.3,20.86,1.87
ORD-3900,2024-03-14,2024-03-17,Standard Class,Consumer,North,Office Supplies,Paper,4,0.1,511.31,31.78
ORD-3901,2024-12-18,2024-12-24,Standard Class,Consumer,South,Furniture,Bookcases,9,0.0,6228.28,1389.14
ORD-3902,2023-08-02,2023-08-03,Standard Class,Corporate,South,Furniture,Tables,2,0.15,611.07,207.92
ORD-3903,2023-01-21,2023-01-28,Standard Class,Consumer,North,Furniture,Bookcases,7,0.0,4550.82,788.05
ORD-3904,2024-11-14,2024-11-21,Standard Class,Corporate,East,Office Supplies,Storage,6,0.1,644.46,77.07
ORD-3905,2023-10-28,2023-10-30,Second Class,Corporate,North,Office Supplies,Paper,4,0.0,142.13,24.04
ORD-3906,2023-11-26,2023-12-03,Standard Class,Consumer,West,Furniture,Chairs,3,0.1,2088.41,299.71
ORD-3907,2024-03-31,2024-04-06,Same Day,Corporate,East,Office Supplies,Paper,4,0.0,502.26,95.3
ORD-3908,2023-02-04,2023-02-07,Standard Class,Corporate,West,Office Supplies,Art,1,0.4,30.6,-0.87
ORD-3909,2024-09-24,2024-09-25,Second Class,Consumer,North,Office Supplies,Art,5,0.2,523.62,140.68
ORD-3910,2023-11-22,2023-11-27,Same Day,Consumer,North,Office Supplies,Binders,6,0.0,827.77,241.18
ORD-3911,2024-11-28,2024-12-03,Second Class,Consumer,North,Office Supplies,Art,3,0.5,109.67,-4.04
ORD-3912,2024-05-31,2024-06-05,Standard Class,Consumer,South,Office Supplies,Art,8,0.1,508.55,34.6
ORD-3913,2023-09-23,2023-09-26,First Class,Corporate,North,Office Supplies,Art,2,0.0,60.18,18.85
ORD-3914,2024-03-08,2024-03-09,Standard Class,Consumer,North,Office Supplies,Art,4,0.1,366.52,118.02
ORD-3915,2023-05-31,2023-06-04,Standard Class,Consumer,East,Technology,Phones,4,0.2,1189.37,350.99
ORD-3916,2023-07-31,2023-08-01,Standard Class,Corporate,East,Technology,Phones,8,0.15,12530.68,4334.12
ORD-3917,2024-08-23,2024-08-29,First Class,Corporate,South,Technology,Machines,8,0.0,3794.81,650.0
ORD-3918,2023-08-16,2023-08-23,Standard Class,Consumer,South,Technology,Machines,2,0.15,1364.26,225.04
ORD-3919,2023-12-09,2023-12-13,Standard Class,Consumer,East,Technology,Copiers,8,0.0,6700.66,1764.27
ORD-3920,2023-02-16,2023-02-17,Same Day,Home Office,South,Technology,Copiers,9,0.4,11440.65,-451.82
ORD-3921,2024-07-22,2024-07-23,Standard Class,Home Office,West,Furniture,Chairs,3,0.1,2102.5,318.14
ORD-3922,2024-12-18,2024-12-22,Standard Class,Consumer,North,Technology,Phones,2,0.1,1497.49,242.43
ORD-3923,2024-01-19,2024-01-22,Standard Class,Corporate,East,Office Supplies,Paper,4,0.0,131.65,43.69
ORD-3924,2023-04-20,2023-04-22,First Class,Corporate,South,Technology,Machines,6,0.1,9839.4,532.35
ORD-3925,2023-10-09,2023-10-12,Second Class,Consumer,South,Office Supplies,Paper,5,0.3,646.95,-16.42
ORD-3926,2023-11-14,2023-11-15,First Class,Consumer,North,Office Supplies,Art,6,0.2,269.78,49.97
ORD-3927,2023-08-30,2023-09-01,Standard Class,Consumer,East,Furniture,Bookcases,7,0.2,948.75,199.82
ORD-3928,2023-09-05,2023-09-07,Second Class,Consumer,East,Furniture,Bookcases,5,0.0,1005.69,107.13
ORD-3929,2023-02-04,2023-02-07,First Class,Corporate,South,Office Supplies,Storage,3,0.0,100.24,20.1
ORD-3930,2024-12-24,2024-12-28,First Class,Consumer,North,Office Supplies,Storage,3,0.0,224.9,49.25
ORD-3931,2024-04-11,2024-04-12,Standard Class,Consumer,East,Technology,Phones,4,0.15,6537.69,1308.68
ORD-3932,2023-06-30,2023-07-01,Standard Class,Home Office,West,Furniture,Furnishings,7,0.15,5511.48,1673.12
ORD-3933,2023-05-21,2023-05-22,Standard Class,Corporate,East,Furniture,Chairs,3,0.2,233.09,62.47
ORD-3934,2023-03-11,2023-03-15,Standard Class,Consumer,South,Technology,Phones,5,0.1,7856.1,2341.72
ORD-3935,2023-11-09,2023-11-15,Same Day,Home Office,South,Furniture,Tables,5,0.1,464.47,63.97
ORD-3936,2024-12-22,2024-12-29,Standard Class,Consumer,South,Furniture,Furnishings,4,0.1,3487.1,638.16
ORD-3937,2024-12-20,2024-12-27,Standard Class,Consumer,North,Office Supplies,Art,8,0.0,472.63,91.01
ORD-3938,2024-01-28,2024-01-29,Standard Class,Consumer,South,Office Supplies,Paper,5,0.4,581.91,-18.14
ORD-3939,2024-08-31,2024-09-06,Standard Class,Consumer,North,Technology,Phones,2,0.1,997.4,229.95
ORD-3940,2024-06-07,2024-06-08,Second Class,Consumer,West,Furniture,Chairs,3,0.1,2192.65,532.38
ORD-3941,2024-08-08,2024-08-10,First Class,Consumer,South,Technology,Machines,2,0.1,3083.86,325.76
ORD-3942,2024-04-14,2024-04-21,Standard Class,Corporate,South,Office Supplies,Paper,7,0.0,185.27,13.46
ORD-3943,2024-04-02,2024-04-07,Second Class,Corporate,East,Furniture,Chairs,4,0.1,1681.64,541.57
ORD-3944,2023-04-05,2023-04-11,Second Class,Consumer,North,Office Supplies,Paper,5,0.0,684.58,163.61
ORD-3945,2024-09-15,2024-09-22,Second Class,Corporate,North,Technology,Phones,8,0.15,12599.63,640.04
ORD-3946,2023-02-16,2023-02-19,Standard Class,Consumer,West,Technology,Accessories,3,0.15,4168.39,706.31
ORD-3947,2024-06-26,2024-07-02,Second Class,Consumer,North,Office Supplies,Binders,1,0.0,37.64,2.51
ORD-3948,2024-05-27,2024-05-30,Standard Class,Consumer,South,Technology,Accessories,5,0.1,871.72,264.71
ORD-3949,2023-11-08,2023-11-15,Same Day,Corporate,East,Furniture,Bookcases,8,0.0,5959.22,373.28
ORD-3950,2023-09-21,2023-09-27,First Class,Consumer,East,Office Supplies,Paper,6,0.15,159.71,40.14
ORD-3951,2023-07-26,2023-08-02,Second Class,Home Office,North,Office Supplies,Binders,2,0.15,142.67,22.0
ORD-3952,2023-05-29,2023-05-30,Standard Class,Consumer,East,Furniture,Bookcases,9,0.0,703.81,173.21
ORD-3953,2024-02-02,2024-02-05,Standard Class,Corporate,East,Furniture,Bookcases,4,0.1,1504.07,137.22
ORD-3954,2023-09-25,2023-09-30,Standard Class,Consumer,West,Furniture,Furnishings,1,0.3,573.24,-26.22
ORD-3955,2024-07-15,2024-07-19,Standard Class,Corporate,West,Office Supplies,Binders,7,0.3,304.78,34.88
ORD-3956,2023-08-06,2023-08-10,Standard Class,Corporate,West,Furniture,Chairs,2,0.0,630.2,56.46
ORD-3957,2024-09-17,2024-09-23,Standard Class,Consumer,West,Office Supplies,Art,4,0.5,252.01,36.24
ORD-3958,2023-05-27,2023-06-01,Standard Class,Corporate,East,Office Supplies,Art,6,0.15,67.94,13.38
ORD-3959,2024-02-15,2024-02-19,First Class,Consumer,North,Furniture,Bookcases,8,0.2,6518.91,1218.72
ORD-3960,2024-09-21,2024-09-25,Standard Class,Home Office,East,Office Supplies,Binders,1,0.3,88.25,20.21
ORD-3961,2023-05-07,2023-05-11,Second Class,Consumer,South,Office Supplies,Art,7,0.0,851.34,202.5
ORD-3962,2024-02-15,2024-02-19,Standard Class,Consumer,West,Office Supplies,Paper,5,0.0,161.35,15.13
ORD-3963,2024-04-30,2024-05-05,,Consumer,North,Technology,Phones,6,0.0,8547.57,2169.43
ORD-3964,2023-05-11,2023-05-17,First Class,Corporate,South,Technology,Accessories,8,0.1,8399.02,2575.56
ORD-3965,2023-07-10,2023-07-12,Standard Class,Consumer,North,Furniture,Tables,4,0.2,1090.63,84.53
ORD-3966,2024-03-02,2024-03-03,Second Class,Consumer,West,Technology,Copiers,6,0.15,6571.63,597.6
ORD-3967,2023-02-27,2023-03-02,Same Day,Corporate,North,Office Supplies,Storage,4,0.3,343.22,16.38
ORD-3968,2023-07-16,2023-07-23,Standard Class,Consumer,North,Technology,Phones,5,0.0,271.49,43.6
ORD-3969,2023-02-13,2023-02-18,Standard Class,Consumer,North,Furniture,Tables,7,0.0,1873.6,443.54
ORD-3970,2024-06-03,2024-06-06,Same Day,Home Office,East,Technology,Accessories,5,0.3,4360.55,-176.57
ORD-3971,2023-08-21,2023-08-28,First Class,Corporate,North,Office Supplies,Art,7,0.0,888.76,260.23
ORD-3972,2024-01-01,2024-01-02,Standard Class,Consumer,North,Furniture,Tables,8,0.1,5216.81,262.45
ORD-3973,2024-12-30,2025-01-06,Standard Class,Corporate,North,Office Supplies,Storage,5,0.0,636.45,180.52
ORD-3974,2023-10-01,2023-10-02,Standard Class,Consumer,West,Technology,Machines,5,0.0,7253.38,2386.34
ORD-3975,2023-11-08,2023-11-12,Standard Class,Consumer,West,Office Supplies,Art,8,0.0,1001.13,196.95
ORD-3976,2023-07-16,2023-07-21,Standard Class,Consumer,East,Technology,Machines,4,0.1,3195.87,673.74
ORD-3977,2023-05-13,2023-05-18,Standard Class,Corporate,East,Office Supplies,Art,5,0.2,252.48,29.44
ORD-3978,2024-08-10,2024-08-13,Second Class,Consumer,West,Office Supplies,Storage,4,0.4,494.06,-5.07
ORD-3979,2024-08-19,2024-08-25,First Class,Consumer,North,Office Supplies,Art,3,0.0,262.21,74.57
ORD-3980,2024-04-12,2024-04-14,Standard Class,Consumer,East,Technology,Copiers,4,0.3,5207.28,-31.74
ORD-3981,2024-10-01,2024-10-03,Standard Class,Corporate,North,Furniture,Tables,7,0.5,1440.07,-93.13
ORD-3982,2024-11-10,2024-11-13,Standard Class,Home Office,North,Furniture,Bookcases,6,0.2,379.35,23.15
ORD-3983,2023-03-16,2023-03-21,Standard Class,Consumer,East,Furniture,Furnishings,8,0.15,6698.26,1088.19
ORD-3984,2023-01-19,2023-01-26,,Consumer,West,Office Supplies,Storage,3,0.2,152.52,25.41
ORD-3985,2024-12-21,2024-12-25,Standard Class,Consumer,North,Office Supplies,Storage,5,0.1,229.12,11.65
ORD-3986,2023-01-31,2023-02-04,First Class,Corporate,West,Office Supplies,Paper,1,0.0,23.39,2.48
ORD-3987,2023-11-16,2023-11-18,Standard Class,Corporate,West,Technology,Machines,6,0.0,6725.26,611.63
ORD-3988,2024-08-27,2024-09-03,Standard Class,Consumer,South,Office Supplies,Art,3,0.0,257.96,52.76
ORD-3989,2024-05-02,2024-05-07,Standard Class,Consumer,West,Furniture,Bookcases,6,0.1,1441.31,430.6
ORD-3990,2024-02-17,2024-02-18,Standard Class,Consumer,North,Office Supplies,Art,4,0.1,574.33,150.53
ORD-3991,2024-09-10,2024-09-17,First Class,Consumer,East,Furniture,Furnishings,1,0.1,685.1,179.33
ORD-3992,2024-04-20,2024-04-23,Same Day,Home Office,South,Office Supplies,Art,2,0.3,223.0,7.69
ORD-3993,2023-05-24,2023-05-26,First Class,Consumer,East,Office Supplies,Paper,8,0.0,328.94,68.55
ORD-3994,2024-12-08,2024-12-09,Standard Class,Consumer,South,Office Supplies,Storage,2,0.3,46.65,2.23
ORD-3995,2023-04-07,2023-04-09,Second Class,Consumer,East,Office Supplies,Storage,2,0.3,16.73,2.29
ORD-3996,2024-11-21,2024-11-26,First Class,Corporate,North,Office Supplies,Art,6,0.2,38.47,7.58
ORD-3997,2024-06-11,2024-06-15,Standard Class,Consumer,North,Technology,Machines,4,0.15,6870.92,1118.05
ORD-3998,2024-09-26,2024-10-02,Second Class,Consumer,North,Furniture,Bookcases,4,0.0,2845.5,798.04
ORD-3999,2023-05-09,2023-05-12,Standard Class,Consumer,South,Furniture,Furnishings,7,0.15,3656.39,1076.7
ORD-2957,2023-03-15,2023-03-20,Standard Class,Corporate,North,Office Supplies,Storage,4,0.5,177.9,7.15
ORD-3087,2023-02-05,2023-02-12,Standard Class,Corporate,East,Furniture,Chairs,4,0.4,985.85,182.08
ORD-2394,2024-08-20,2024-08-23,First Class,Home Office,West,Office Supplies,Art,6,0.2,491.74,36.79
ORD-2520,2024-05-02,2024-05-06,Standard Class,Home Office,North,Technology,Copiers,6,0.15,4343.61,232.16
ORD-2098,2023-10-20,2023-10-23,Standard Class,Consumer,South,Technology,Machines,4,0.3,1541.98,354.2
ORD-1393,2023-04-16,2023-04-23,Standard Class,Consumer,North,Office Supplies,Paper,8,0.3,456.82,76.98
ORD-1028,2024-03-28,2024-04-01,Standard Class,Consumer,South,Technology,Phones,5,0.3,5131.21,42.43
ORD-1099,2023-01-31,2023-02-07,Standard Class,Corporate,South,Technology,Phones,7,0.0,6566.48,493.99
ORD-1351,2024-03-10,2024-03-14,Same Day,Corporate,East,Office Supplies,Paper,7,0.1,910.58,64.49
ORD-3020,2023-06-15,2023-06-19,Standard Class,Consumer,South,Furniture,Tables,1,0.0,782.35,155.4
ORD-2352,2024-03-30,2024-03-31,Standard Class,Consumer,North,Technology,Phones,9,0.0,13028.16,3821.22
ORD-2144,2024-06-23,2024-06-25,Second Class,Corporate,North,Office Supplies,Binders,4,0.2,361.32,78.32
ORD-3855,2024-10-29,2024-10-30,First Class,Corporate,East,Furniture,Tables,3,0.4,1504.35,43.46
ORD-2225,2024-05-09,2024-05-14,First Class,Corporate,East,Furniture,Furnishings,2,0.1,1222.03,345.58
ORD-1297,2024-10-04,2024-10-08,First Class,Corporate,North,Office Supplies,Binders,8,0.15,125.23,32.66
